filepath,filename,file_ext,species,raw_label,dataset_origin,is_readable,detected_format,format_mismatch,md5_hash,dhash,is_exact_dup,is_near_dup,clean_label
C:\Users\Asus\PycharmProjects\499_v1\datasets\fish\New Dataset\test_split\Bacterial diseases - Aeromoniasis_Bacterial diseases - Aeromoniasis_103.jpg,Bacterial diseases - Aeromoniasis_Bacterial diseases - Aeromoniasis_103.jpg,.jpg,fish,unlabeled,Kaggle_Fish,True,JPEG,False,cc7f39912562422ddaca9315e7deeb6a,0cfc91246cec3801,False,False,unlabeled
C:\Users\Asus\PycharmProjects\499_v1\datasets\fish\New Dataset\test_split\Bacterial diseases - Aeromoniasis_Bacterial diseases - Aeromoniasis_112.jpg,Bacterial diseases - Aeromoniasis_Bacterial diseases - Aeromoniasis_112.jpg,.jpg,fish,unlabeled,Kaggle_Fish,True,JPEG,False,21e1c54b8f1a75fc2efd09de25590974,26aef5f898e8789e,False,False,unlabeled
C:\Users\Asus\PycharmProjects\499_v1\datasets\fish\New Dataset\test_split\Bacterial diseases - Aeromoniasis_Bacterial diseases - Aeromoniasis_113.jpg,Bacterial diseases - Aeromoniasis_Bacterial diseases - Aeromoniasis_113.jpg,.jpg,fish,unlabeled,Kaggle_Fish,True,JPEG,False,ba97058ea00245e0222e99668fc66166,f1e864cc34f1c3c7,False,False,unlabeled
C:\Users\Asus\PycharmProjects\499_v1\datasets\fish\New Dataset\test_split\Bacterial diseases - Aeromoniasis_Bacterial diseases - Aeromoniasis_115.png,Bacterial diseases - Aeromoniasis_Bacterial diseases - Aeromoniasis_115.png,.png,fish,unlabeled,Kaggle_Fish,True,PNG,False,28444414bea832fb35699a9ea469f135,f1f3b226e6e6f3e3,False,True,unlabeled
C:\Users\Asus\PycharmProjects\499_v1\datasets\fish\New Dataset\test_split\Bacterial diseases - Aeromoniasis_Bacterial diseases - Aeromoniasis_116.jpg,Bacterial diseases - Aeromoniasis_Bacterial diseases - Aeromoniasis_116.jpg,.jpg,fish,unlabeled,Kaggle_Fish,True,JPEG,False,9c6954c18077bdedde70bba0095c3817,b063d3d8b4e46592,False,False,unlabeled
C:\Users\Asus\PycharmProjects\499_v1\datasets\fish\New Dataset\test_split\Bacterial diseases - Aeromoniasis_Bacterial diseases - Aeromoniasis_121.jpg,Bacterial diseases - Aeromoniasis_Bacterial diseases - Aeromoniasis_121.jpg,.jpg,fish,unlabeled,Kaggle_Fish,True,JPEG,False,2320d4d715085bde497d09a1e3adf6a0,8f9e4b49c079b106,False,False,unlabeled
C:\Users\Asus\PycharmProjects\499_v1\datasets\fish\New Dataset\test_split\Bacterial diseases - Aeromoniasis_Bacterial diseases - Aeromoniasis_122.jpg,Bacterial diseases - Aeromoniasis_Bacterial diseases - Aeromoniasis_122.jpg,.jpg,fish,unlabeled,Kaggle_Fish,True,JPEG,False,d200d0606297a45eaf133bc18e54c617,1b1b29ce67e9cadd,False,False,unlabeled
C:\Users\Asus\PycharmProjects\499_v1\datasets\fish\New Dataset\test_split\Bacterial diseases - Aeromoniasis_Bacterial diseases - Aeromoniasis_133.jpg,Bacterial diseases - Aeromoniasis_Bacterial diseases - Aeromoniasis_133.jpg,.jpg,fish,unlabeled,Kaggle_Fish,True,JPEG,False,e6cdee9317aa3addbb1dc85bfd6aa0dc,106466bcd869b205,False,False,unlabeled
C:\Users\Asus\PycharmProjects\499_v1\datasets\fish\New Dataset\test_split\Bacterial diseases - Aeromoniasis_Bacterial diseases - Aeromoniasis_134.jpg,Bacterial diseases - Aeromoniasis_Bacterial diseases - Aeromoniasis_134.jpg,.jpg,fish,unlabeled,Kaggle_Fish,True,JPEG,False,65f5b169bac1436aa3cd658687ffce17,200a33f3686ad2d0,False,False,unlabeled
C:\Users\Asus\PycharmProjects\499_v1\datasets\fish\New Dataset\test_split\Bacterial diseases - Aeromoniasis_Bacterial diseases - Aeromoniasis_138.jpg,Bacterial diseases - Aeromoniasis_Bacterial diseases - Aeromoniasis_138.jpg,.jpg,fish,unlabeled,Kaggle_Fish,True,JPEG,False,6f061cc935780f6dd2fe10951b11811f,0c3ce195396ce620,False,True,unlabeled
C:\Users\Asus\PycharmProjects\499_v1\datasets\fish\New Dataset\test_split\Bacterial diseases - Aeromoniasis_Bacterial diseases - Aeromoniasis_141.jpg,Bacterial diseases - Aeromoniasis_Bacterial diseases - Aeromoniasis_141.jpg,.jpg,fish,unlabeled,Kaggle_Fish,True,JPEG,False,2b15877ad619898a013aeb58e19a8e8e,72686262c9c4e060,False,False,unlabeled
C:\Users\Asus\PycharmProjects\499_v1\datasets\fish\New Dataset\test_split\Bacterial diseases - Aeromoniasis_Bacterial diseases - Aeromoniasis_144.jpg,Bacterial diseases - Aeromoniasis_Bacterial diseases - Aeromoniasis_144.jpg,.jpg,fish,unlabeled,Kaggle_Fish,True,JPEG,False,d7ded5eced036a8f98b4ae2d4cb08cc6,dede3e6efab8b8b2,False,False,unlabeled
C:\Users\Asus\PycharmProjects\499_v1\datasets\fish\New Dataset\test_split\Bacterial diseases - Aeromoniasis_Bacterial diseases - Aeromoniasis_146.jpg,Bacterial diseases - Aeromoniasis_Bacterial diseases - Aeromoniasis_146.jpg,.jpg,fish,unlabeled,Kaggle_Fish,True,JPEG,False,ad40516c5d32cd472bc10c50fb899635,83c6cdd793b3f2c8,False,False,unlabeled
C:\Users\Asus\PycharmProjects\499_v1\datasets\fish\New Dataset\test_split\Bacterial diseases - Aeromoniasis_Bacterial diseases - Aeromoniasis_148.jpg,Bacterial diseases - Aeromoniasis_Bacterial diseases - Aeromoniasis_148.jpg,.jpg,fish,unlabeled,Kaggle_Fish,True,JPEG,False,4272072d44bb4fc456195e9324e57df4,83d9f0d98c2533c0,False,False,unlabeled
C:\Users\Asus\PycharmProjects\499_v1\datasets\fish\New Dataset\test_split\Bacterial diseases - Aeromoniasis_Bacterial diseases - Aeromoniasis_149.jpg,Bacterial diseases - Aeromoniasis_Bacterial diseases - Aeromoniasis_149.jpg,.jpg,fish,unlabeled,Kaggle_Fish,True,JPEG,False,379df2f4768ea688ce963eae5a44c7bd,c1cc34928ed6e664,False,False,unlabeled
C:\Users\Asus\PycharmProjects\499_v1\datasets\fish\New Dataset\test_split\Bacterial diseases - Aeromoniasis_Bacterial diseases - Aeromoniasis_153.jpg,Bacterial diseases - Aeromoniasis_Bacterial diseases - Aeromoniasis_153.jpg,.jpg,fish,unlabeled,Kaggle_Fish,True,JPEG,False,f1dc303c2ec14aa29b3aab3e76fffbf4,4e0d1b7b799bb71e,False,False,unlabeled
C:\Users\Asus\PycharmProjects\499_v1\datasets\fish\New Dataset\test_split\Bacterial diseases - Aeromoniasis_Bacterial diseases - Aeromoniasis_161.jpg,Bacterial diseases - Aeromoniasis_Bacterial diseases - Aeromoniasis_161.jpg,.jpg,fish,unlabeled,Kaggle_Fish,True,JPEG,False,6b77432ccca1158293ded4d0b838db30,b4697cb0e3673acb,False,False,unlabeled
C:\Users\Asus\PycharmProjects\499_v1\datasets\fish\New Dataset\test_split\Bacterial diseases - Aeromoniasis_Bacterial diseases - Aeromoniasis_171.jpg,Bacterial diseases - Aeromoniasis_Bacterial diseases - Aeromoniasis_171.jpg,.jpg,fish,unlabeled,Kaggle_Fish,True,JPEG,False,05723e971ff1e2ea17216040dfbee941,907cdf9919523430,False,False,unlabeled
C:\Users\Asus\PycharmProjects\499_v1\datasets\fish\New Dataset\test_split\Bacterial diseases - Aeromoniasis_Bacterial diseases - Aeromoniasis_180.jpg,Bacterial diseases - Aeromoniasis_Bacterial diseases - Aeromoniasis_180.jpg,.jpg,fish,unlabeled,Kaggle_Fish,True,JPEG,False,cbd470ff24a8197c964c73ea6f845921,7c66669ce46061c3,False,False,unlabeled
C:\Users\Asus\PycharmProjects\499_v1\datasets\fish\New Dataset\test_split\Bacterial diseases - Aeromoniasis_Bacterial diseases - Aeromoniasis_182.jpg,Bacterial diseases - Aeromoniasis_Bacterial diseases - Aeromoniasis_182.jpg,.jpg,fish,unlabeled,Kaggle_Fish,True,JPEG,False,8cfdad7391d3e30eaea72ceeaf510e32,627276e3f7bebcbc,False,False,unlabeled
C:\Users\Asus\PycharmProjects\499_v1\datasets\fish\New Dataset\test_split\Bacterial diseases - Aeromoniasis_Bacterial diseases - Aeromoniasis_185.jpg,Bacterial diseases - Aeromoniasis_Bacterial diseases - Aeromoniasis_185.jpg,.jpg,fish,unlabeled,Kaggle_Fish,True,JPEG,False,7497a0ae62de634acafb7b552d9dd06d,1b7164c2e6e47236,False,False,unlabeled
C:\Users\Asus\PycharmProjects\499_v1\datasets\fish\New Dataset\test_split\Bacterial diseases - Aeromoniasis_Bacterial diseases - Aeromoniasis_20.jpg,Bacterial diseases - Aeromoniasis_Bacterial diseases - Aeromoniasis_20.jpg,.jpg,fish,unlabeled,Kaggle_Fish,True,JPEG,False,70a1df55ef58f391e2285616072e65c1,20e2d2b86c486000,False,False,unlabeled
C:\Users\Asus\PycharmProjects\499_v1\datasets\fish\New Dataset\test_split\Bacterial diseases - Aeromoniasis_Bacterial diseases - Aeromoniasis_202.jpg,Bacterial diseases - Aeromoniasis_Bacterial diseases - Aeromoniasis_202.jpg,.jpg,fish,unlabeled,Kaggle_Fish,True,JPEG,False,90ae6b463f6d0d34846c06c0aceab591,e83931dafc3cb8c9,False,True,unlabeled
C:\Users\Asus\PycharmProjects\499_v1\datasets\fish\New Dataset\test_split\Bacterial diseases - Aeromoniasis_Bacterial diseases - Aeromoniasis_208.jpg,Bacterial diseases - Aeromoniasis_Bacterial diseases - Aeromoniasis_208.jpg,.jpg,fish,unlabeled,Kaggle_Fish,True,JPEG,False,2841330fe2315746521cab656ff8d6ae,611e956f761ecd3c,False,False,unlabeled
C:\Users\Asus\PycharmProjects\499_v1\datasets\fish\New Dataset\test_split\Bacterial diseases - Aeromoniasis_Bacterial diseases - Aeromoniasis_210.jpg,Bacterial diseases - Aeromoniasis_Bacterial diseases - Aeromoniasis_210.jpg,.jpg,fish,unlabeled,Kaggle_Fish,True,JPEG,False,e90e90e0ae3e7924fe1608b0e0e72325,e63b1ffc3c1af87c,False,False,unlabeled
C:\Users\Asus\PycharmProjects\499_v1\datasets\fish\New Dataset\test_split\Bacterial diseases - Aeromoniasis_Bacterial diseases - Aeromoniasis_212.jpg,Bacterial diseases - Aeromoniasis_Bacterial diseases - Aeromoniasis_212.jpg,.jpg,fish,unlabeled,Kaggle_Fish,True,JPEG,False,f800655e049b5cc0148852ce282a4361,1703e7fa1f870773,False,True,unlabeled
C:\Users\Asus\PycharmProjects\499_v1\datasets\fish\New Dataset\test_split\Bacterial diseases - Aeromoniasis_Bacterial diseases - Aeromoniasis_213.jpg,Bacterial diseases - Aeromoniasis_Bacterial diseases - Aeromoniasis_213.jpg,.jpg,fish,unlabeled,Kaggle_Fish,True,JPEG,False,8f72f395b3457cc34b45063f45f4e98a,cc0e7c4f957a0717,False,False,unlabeled
C:\Users\Asus\PycharmProjects\499_v1\datasets\fish\New Dataset\test_split\Bacterial diseases - Aeromoniasis_Bacterial diseases - Aeromoniasis_215.jpg,Bacterial diseases - Aeromoniasis_Bacterial diseases - Aeromoniasis_215.jpg,.jpg,fish,unlabeled,Kaggle_Fish,True,JPEG,False,2215aceca414f448e738e526f0475f02,c58a65019f07631d,False,False,unlabeled
C:\Users\Asus\PycharmProjects\499_v1\datasets\fish\New Dataset\test_split\Bacterial diseases - Aeromoniasis_Bacterial diseases - Aeromoniasis_217.jpg,Bacterial diseases - Aeromoniasis_Bacterial diseases - Aeromoniasis_217.jpg,.jpg,fish,unlabeled,Kaggle_Fish,True,JPEG,False,cd2e43eb69ad4b3830f56c199ebb7de3,21e1d97838e0c10c,False,False,unlabeled
C:\Users\Asus\PycharmProjects\499_v1\datasets\fish\New Dataset\test_split\Bacterial diseases - Aeromoniasis_Bacterial diseases - Aeromoniasis_22.jpg,Bacterial diseases - Aeromoniasis_Bacterial diseases - Aeromoniasis_22.jpg,.jpg,fish,unlabeled,Kaggle_Fish,True,JPEG,False,373d6b5758f699159658b948db690dc0,208070d8d0e4b152,False,False,unlabeled
C:\Users\Asus\PycharmProjects\499_v1\datasets\fish\New Dataset\test_split\Bacterial diseases - Aeromoniasis_Bacterial diseases - Aeromoniasis_225.jpg,Bacterial diseases - Aeromoniasis_Bacterial diseases - Aeromoniasis_225.jpg,.jpg,fish,unlabeled,Kaggle_Fish,True,JPEG,False,186ad83d9fa0470df05beeb552c8d614,02218e33c196b0f0,False,False,unlabeled
C:\Users\Asus\PycharmProjects\499_v1\datasets\fish\New Dataset\test_split\Bacterial diseases - Aeromoniasis_Bacterial diseases - Aeromoniasis_234.jpg,Bacterial diseases - Aeromoniasis_Bacterial diseases - Aeromoniasis_234.jpg,.jpg,fish,unlabeled,Kaggle_Fish,True,JPEG,False,fd3a9483f46407260424cb94c13dc08e,1c03504e83800200,False,False,unlabeled
C:\Users\Asus\PycharmProjects\499_v1\datasets\fish\New Dataset\test_split\Bacterial diseases - Aeromoniasis_Bacterial diseases - Aeromoniasis_235.jpg,Bacterial diseases - Aeromoniasis_Bacterial diseases - Aeromoniasis_235.jpg,.jpg,fish,unlabeled,Kaggle_Fish,True,JPEG,False,dfb6fa03e19f0b254064cfc1a97875d7,fcf8bc33d3d83fce,False,False,unlabeled
C:\Users\Asus\PycharmProjects\499_v1\datasets\fish\New Dataset\test_split\Bacterial diseases - Aeromoniasis_Bacterial diseases - Aeromoniasis_239.jpg,Bacterial diseases - Aeromoniasis_Bacterial diseases - Aeromoniasis_239.jpg,.jpg,fish,unlabeled,Kaggle_Fish,True,JPEG,False,7de6b37097c2d5a05853c099276698a3,d9b0a4e4a4b81924,False,False,unlabeled
C:\Users\Asus\PycharmProjects\499_v1\datasets\fish\New Dataset\test_split\Bacterial diseases - Aeromoniasis_Bacterial diseases - Aeromoniasis_240.jpg,Bacterial diseases - Aeromoniasis_Bacterial diseases - Aeromoniasis_240.jpg,.jpg,fish,unlabeled,Kaggle_Fish,True,JPEG,False,3fc67a27e1ed741e9615a98922e66d0d,52b16ceca4b83902,False,False,unlabeled
C:\Users\Asus\PycharmProjects\499_v1\datasets\fish\New Dataset\test_split\Bacterial diseases - Aeromoniasis_Bacterial diseases - Aeromoniasis_246.jpg,Bacterial diseases - Aeromoniasis_Bacterial diseases - Aeromoniasis_246.jpg,.jpg,fish,unlabeled,Kaggle_Fish,True,JPEG,False,686912b5c65b77b37910d0f076632059,0280f8a773717949,False,True,unlabeled
C:\Users\Asus\PycharmProjects\499_v1\datasets\fish\New Dataset\test_split\Bacterial diseases - Aeromoniasis_Bacterial diseases - Aeromoniasis_249.jpg,Bacterial diseases - Aeromoniasis_Bacterial diseases - Aeromoniasis_249.jpg,.jpg,fish,unlabeled,Kaggle_Fish,True,JPEG,False,fd3c9b658edd49bd1c4ed82db4eab719,0f0f0d733333247f,False,True,unlabeled
C:\Users\Asus\PycharmProjects\499_v1\datasets\fish\New Dataset\test_split\Bacterial diseases - Aeromoniasis_Bacterial diseases - Aeromoniasis_43.jpg,Bacterial diseases - Aeromoniasis_Bacterial diseases - Aeromoniasis_43.jpg,.jpg,fish,unlabeled,Kaggle_Fish,True,JPEG,False,918b7f16feff9d9dae3657757e9fe206,e60b5161232b8341,False,False,unlabeled
C:\Users\Asus\PycharmProjects\499_v1\datasets\fish\New Dataset\test_split\Bacterial diseases - Aeromoniasis_Bacterial diseases - Aeromoniasis_45.jpg,Bacterial diseases - Aeromoniasis_Bacterial diseases - Aeromoniasis_45.jpg,.jpg,fish,unlabeled,Kaggle_Fish,True,JPEG,False,d2800a8500c785afbbe8c0c994ef537d,5666766e3d397084,False,False,unlabeled
C:\Users\Asus\PycharmProjects\499_v1\datasets\fish\New Dataset\test_split\Bacterial diseases - Aeromoniasis_Bacterial diseases - Aeromoniasis_49.jpg,Bacterial diseases - Aeromoniasis_Bacterial diseases - Aeromoniasis_49.jpg,.jpg,fish,unlabeled,Kaggle_Fish,True,JPEG,False,c8cff9dd7f44df2107db81f6b4ce811d,50a3838303020302,False,False,unlabeled
C:\Users\Asus\PycharmProjects\499_v1\datasets\fish\New Dataset\test_split\Bacterial diseases - Aeromoniasis_Bacterial diseases - Aeromoniasis_58.jpg,Bacterial diseases - Aeromoniasis_Bacterial diseases - Aeromoniasis_58.jpg,.jpg,fish,unlabeled,Kaggle_Fish,True,JPEG,False,1bb37e607ccc6c811ba439a0ee49f09d,91808450d6f0790e,False,False,unlabeled
C:\Users\Asus\PycharmProjects\499_v1\datasets\fish\New Dataset\test_split\Bacterial diseases - Aeromoniasis_Bacterial diseases - Aeromoniasis_6.jpg,Bacterial diseases - Aeromoniasis_Bacterial diseases - Aeromoniasis_6.jpg,.jpg,fish,unlabeled,Kaggle_Fish,True,JPEG,False,598a59e75d0105e923dc92818beb9b04,18c28439a1c1c010,False,False,unlabeled
C:\Users\Asus\PycharmProjects\499_v1\datasets\fish\New Dataset\test_split\Bacterial diseases - Aeromoniasis_Bacterial diseases - Aeromoniasis_61.jpg,Bacterial diseases - Aeromoniasis_Bacterial diseases - Aeromoniasis_61.jpg,.jpg,fish,unlabeled,Kaggle_Fish,True,JPEG,False,60dde27a078b636238579b31f30ea5b4,0062e8acfebcfe08,False,False,unlabeled
C:\Users\Asus\PycharmProjects\499_v1\datasets\fish\New Dataset\test_split\Bacterial diseases - Aeromoniasis_Bacterial diseases - Aeromoniasis_62.jpg,Bacterial diseases - Aeromoniasis_Bacterial diseases - Aeromoniasis_62.jpg,.jpg,fish,unlabeled,Kaggle_Fish,True,JPEG,False,e83e3bc43a5082e8d35b173369db86fb,8000e0e1f9f1f9a1,False,False,unlabeled
C:\Users\Asus\PycharmProjects\499_v1\datasets\fish\New Dataset\test_split\Bacterial diseases - Aeromoniasis_Bacterial diseases - Aeromoniasis_65.jpg,Bacterial diseases - Aeromoniasis_Bacterial diseases - Aeromoniasis_65.jpg,.jpg,fish,unlabeled,Kaggle_Fish,True,JPEG,False,af3f569760bf4f7c5b025e6f12385d95,7130b2cb9998b8b8,False,False,unlabeled
C:\Users\Asus\PycharmProjects\499_v1\datasets\fish\New Dataset\test_split\Bacterial diseases - Aeromoniasis_Bacterial diseases - Aeromoniasis_69.jpg,Bacterial diseases - Aeromoniasis_Bacterial diseases - Aeromoniasis_69.jpg,.jpg,fish,unlabeled,Kaggle_Fish,True,JPEG,False,89403c77b875cc2cd2209e36775ff734,8f9f37f7662cfdbf,False,False,unlabeled
C:\Users\Asus\PycharmProjects\499_v1\datasets\fish\New Dataset\test_split\Bacterial diseases - Aeromoniasis_Bacterial diseases - Aeromoniasis_7.jpg,Bacterial diseases - Aeromoniasis_Bacterial diseases - Aeromoniasis_7.jpg,.jpg,fish,unlabeled,Kaggle_Fish,True,JPEG,False,097a4d1af747632dda705a393cd11506,5f1f170f07078e99,False,True,unlabeled
C:\Users\Asus\PycharmProjects\499_v1\datasets\fish\New Dataset\test_split\Bacterial diseases - Aeromoniasis_Bacterial diseases - Aeromoniasis_90.jpg,Bacterial diseases - Aeromoniasis_Bacterial diseases - Aeromoniasis_90.jpg,.jpg,fish,unlabeled,Kaggle_Fish,True,JPEG,False,893d62539d3c13929d25c991007cae19,9ebcbc7c3cf4e0e1,False,False,unlabeled
C:\Users\Asus\PycharmProjects\499_v1\datasets\fish\New Dataset\test_split\Bacterial diseases - Aeromoniasis_Bacterial diseases - Aeromoniasis_92.jpg,Bacterial diseases - Aeromoniasis_Bacterial diseases - Aeromoniasis_92.jpg,.jpg,fish,unlabeled,Kaggle_Fish,True,JPEG,False,2f9705e445ce81f22825f847c6ae554e,2470d9d8dae1e102,False,False,unlabeled
C:\Users\Asus\PycharmProjects\499_v1\datasets\fish\New Dataset\test_split\Bacterial gill disease_Bacterial gill disease_10.jpeg,Bacterial gill disease_Bacterial gill disease_10.jpeg,.jpeg,fish,unlabeled,Kaggle_Fish,True,JPEG,False,4740ce3cce037692d312def5f10ebbc8,7e7271694ac44c4c,False,False,unlabeled
C:\Users\Asus\PycharmProjects\499_v1\datasets\fish\New Dataset\test_split\Bacterial gill disease_Bacterial gill disease_13.jpg,Bacterial gill disease_Bacterial gill disease_13.jpg,.jpg,fish,unlabeled,Kaggle_Fish,True,JPEG,False,a1e766e6d7fcdbe5bb85fd6a6c1a3890,3d31c89c70278fc6,False,False,unlabeled
C:\Users\Asus\PycharmProjects\499_v1\datasets\fish\New Dataset\test_split\Bacterial gill disease_Bacterial gill disease_134.jpg,Bacterial gill disease_Bacterial gill disease_134.jpg,.jpg,fish,unlabeled,Kaggle_Fish,True,JPEG,False,3e8210ff72a6c0065d3ba37c1bd1a32c,091b371d1f1e0f0d,False,False,unlabeled
C:\Users\Asus\PycharmProjects\499_v1\datasets\fish\New Dataset\test_split\Bacterial gill disease_Bacterial gill disease_15.jpg,Bacterial gill disease_Bacterial gill disease_15.jpg,.jpg,fish,unlabeled,Kaggle_Fish,True,JPEG,False,c6dccb073ef75fb5d5aaa353b141103c,c1883078bc1cccf4,False,False,unlabeled
C:\Users\Asus\PycharmProjects\499_v1\datasets\fish\New Dataset\test_split\Bacterial gill disease_Bacterial gill disease_158.jpg,Bacterial gill disease_Bacterial gill disease_158.jpg,.jpg,fish,unlabeled,Kaggle_Fish,True,JPEG,False,b9e510b5456843c43785313d7c77436f,e1ccedf3ecec0810,False,False,unlabeled
C:\Users\Asus\PycharmProjects\499_v1\datasets\fish\New Dataset\test_split\Bacterial gill disease_Bacterial gill disease_161.jpg,Bacterial gill disease_Bacterial gill disease_161.jpg,.jpg,fish,unlabeled,Kaggle_Fish,True,JPEG,False,d7a8075ea9ad7fe22d0a4075d6aa1ffd,afe7e7a4b481b3d2,False,False,unlabeled
C:\Users\Asus\PycharmProjects\499_v1\datasets\fish\New Dataset\test_split\Bacterial gill disease_Bacterial gill disease_169.jpg,Bacterial gill disease_Bacterial gill disease_169.jpg,.jpg,fish,unlabeled,Kaggle_Fish,True,JPEG,False,08a69989dbe6f7a02306ab037580a891,3de6a4868423def8,False,False,unlabeled
C:\Users\Asus\PycharmProjects\499_v1\datasets\fish\New Dataset\test_split\Bacterial gill disease_Bacterial gill disease_172.jpg,Bacterial gill disease_Bacterial gill disease_172.jpg,.jpg,fish,unlabeled,Kaggle_Fish,True,JPEG,False,b07ca18ccdba18c6201724be20ec6e85,c7e1c9c9d0c00034,False,False,unlabeled
C:\Users\Asus\PycharmProjects\499_v1\datasets\fish\New Dataset\test_split\Bacterial gill disease_Bacterial gill disease_176.jpg,Bacterial gill disease_Bacterial gill disease_176.jpg,.jpg,fish,unlabeled,Kaggle_Fish,True,JPEG,False,41a1fa82af9298a7b8fae7912a7c4f55,ecec6080c7663160,False,False,unlabeled
C:\Users\Asus\PycharmProjects\499_v1\datasets\fish\New Dataset\test_split\Bacterial gill disease_Bacterial gill disease_178.jpg,Bacterial gill disease_Bacterial gill disease_178.jpg,.jpg,fish,unlabeled,Kaggle_Fish,True,JPEG,False,b9941de41161e5a48a4af03db9ba0426,eed22c363437a3a7,False,True,unlabeled
C:\Users\Asus\PycharmProjects\499_v1\datasets\fish\New Dataset\test_split\Bacterial gill disease_Bacterial gill disease_209.jpg,Bacterial gill disease_Bacterial gill disease_209.jpg,.jpg,fish,unlabeled,Kaggle_Fish,True,JPEG,False,5f3b4d5b5b8b36e12a569509420f290d,400884b2b939d4e6,False,False,unlabeled
C:\Users\Asus\PycharmProjects\499_v1\datasets\fish\New Dataset\test_split\Bacterial gill disease_Bacterial gill disease_211.jpg,Bacterial gill disease_Bacterial gill disease_211.jpg,.jpg,fish,unlabeled,Kaggle_Fish,True,JPEG,False,5a72b5162a7faea44272308c2d8563e0,b03059989899f63d,False,False,unlabeled
C:\Users\Asus\PycharmProjects\499_v1\datasets\fish\New Dataset\test_split\Bacterial gill disease_Bacterial gill disease_219.jpg,Bacterial gill disease_Bacterial gill disease_219.jpg,.jpg,fish,unlabeled,Kaggle_Fish,True,JPEG,False,41e55bef9fc03ec492bb6a930e3fa5b4,a68e8e3ad6e67b9f,False,False,unlabeled
C:\Users\Asus\PycharmProjects\499_v1\datasets\fish\New Dataset\test_split\Bacterial gill disease_Bacterial gill disease_22.jpeg,Bacterial gill disease_Bacterial gill disease_22.jpeg,.jpeg,fish,unlabeled,Kaggle_Fish,True,JPEG,False,6c3ecedc6d80f31052cd8adc65a34c42,79592d276333131b,False,False,unlabeled
C:\Users\Asus\PycharmProjects\499_v1\datasets\fish\New Dataset\test_split\Bacterial gill disease_Bacterial gill disease_221.jpg,Bacterial gill disease_Bacterial gill disease_221.jpg,.jpg,fish,unlabeled,Kaggle_Fish,True,JPEG,False,5f8db98d344753d0a99cb9b542af338e,183266303a1e1818,False,False,unlabeled
C:\Users\Asus\PycharmProjects\499_v1\datasets\fish\New Dataset\test_split\Bacterial gill disease_Bacterial gill disease_228.jpg,Bacterial gill disease_Bacterial gill disease_228.jpg,.jpg,fish,unlabeled,Kaggle_Fish,True,JPEG,False,741bbaed3d7d479f930926b62c74e458,b23a7a6cd5987476,False,False,unlabeled
C:\Users\Asus\PycharmProjects\499_v1\datasets\fish\New Dataset\test_split\Bacterial gill disease_Bacterial gill disease_23.jpg,Bacterial gill disease_Bacterial gill disease_23.jpg,.jpg,fish,unlabeled,Kaggle_Fish,True,JPEG,False,e255d108f9e4d9cf8eb198a4c08a8000,d7b9dc9cafa798ee,False,False,unlabeled
C:\Users\Asus\PycharmProjects\499_v1\datasets\fish\New Dataset\test_split\Bacterial gill disease_Bacterial gill disease_248.jpg,Bacterial gill disease_Bacterial gill disease_248.jpg,.jpg,fish,unlabeled,Kaggle_Fish,True,JPEG,False,d784775f19e33fec1045a804e5f7f48c,03999d0e4d39096b,False,False,unlabeled
C:\Users\Asus\PycharmProjects\499_v1\datasets\fish\New Dataset\test_split\Bacterial gill disease_Bacterial gill disease_26.jpeg,Bacterial gill disease_Bacterial gill disease_26.jpeg,.jpeg,fish,unlabeled,Kaggle_Fish,True,JPEG,False,6f2c06f754f5bb157c697789dc21b195,e1d8eceee7331ee4,False,True,unlabeled
C:\Users\Asus\PycharmProjects\499_v1\datasets\fish\New Dataset\test_split\Bacterial gill disease_Bacterial gill disease_275.jpg,Bacterial gill disease_Bacterial gill disease_275.jpg,.jpg,fish,unlabeled,Kaggle_Fish,True,JPEG,False,08b6f4ca43ff49506f0edce86763198d,6f4b39690f1c9999,False,False,unlabeled
C:\Users\Asus\PycharmProjects\499_v1\datasets\fish\New Dataset\test_split\Bacterial gill disease_Bacterial gill disease_276.jpg,Bacterial gill disease_Bacterial gill disease_276.jpg,.jpg,fish,unlabeled,Kaggle_Fish,True,JPEG,False,30ef489f12234ab897d9171a8dca1259,6f093c250d9adc40,False,False,unlabeled
C:\Users\Asus\PycharmProjects\499_v1\datasets\fish\New Dataset\test_split\Bacterial gill disease_Bacterial gill disease_288.jpg,Bacterial gill disease_Bacterial gill disease_288.jpg,.jpg,fish,unlabeled,Kaggle_Fish,True,JPEG,False,4a1f5cb2333b541cbef1fc365b8771e1,09f0e8c8f8f1c810,False,False,unlabeled
C:\Users\Asus\PycharmProjects\499_v1\datasets\fish\New Dataset\test_split\Bacterial gill disease_Bacterial gill disease_305.jpg,Bacterial gill disease_Bacterial gill disease_305.jpg,.jpg,fish,unlabeled,Kaggle_Fish,True,JPEG,False,7f105b466704056d5a48e54d38734bff,6069a131613307b3,False,True,unlabeled
C:\Users\Asus\PycharmProjects\499_v1\datasets\fish\New Dataset\test_split\Bacterial gill disease_Bacterial gill disease_31.jpg,Bacterial gill disease_Bacterial gill disease_31.jpg,.jpg,fish,unlabeled,Kaggle_Fish,True,JPEG,False,a6c54225fe014b6537891402378a3631,dc78e8989cb0b1e1,False,False,unlabeled
C:\Users\Asus\PycharmProjects\499_v1\datasets\fish\New Dataset\test_split\Bacterial gill disease_Bacterial gill disease_316.jpg,Bacterial gill disease_Bacterial gill disease_316.jpg,.jpg,fish,unlabeled,Kaggle_Fish,True,JPEG,False,dc72d612724a48035ebedef5da9e2b8f,8d9f2f273b1f9b05,False,False,unlabeled
C:\Users\Asus\PycharmProjects\499_v1\datasets\fish\New Dataset\test_split\Bacterial gill disease_Bacterial gill disease_33.jpg,Bacterial gill disease_Bacterial gill disease_33.jpg,.jpg,fish,unlabeled,Kaggle_Fish,True,JPEG,False,515fb5cec345cb60775f75287dcde88f,372663e5d4e1f1d8,False,True,unlabeled
C:\Users\Asus\PycharmProjects\499_v1\datasets\fish\New Dataset\test_split\Bacterial gill disease_Bacterial gill disease_35.png,Bacterial gill disease_Bacterial gill disease_35.png,.png,fish,unlabeled,Kaggle_Fish,True,PNG,False,cb7b22d7060ab5f32482617cd241dbd8,8befcc9c30e9c0c0,False,False,unlabeled
C:\Users\Asus\PycharmProjects\499_v1\datasets\fish\New Dataset\test_split\Bacterial gill disease_Bacterial gill disease_36.jpg,Bacterial gill disease_Bacterial gill disease_36.jpg,.jpg,fish,unlabeled,Kaggle_Fish,True,JPEG,False,0c67bb41f5545750ce907e493ed27e5a,3c64cc0c5c3880e4,False,False,unlabeled
C:\Users\Asus\PycharmProjects\499_v1\datasets\fish\New Dataset\test_split\Bacterial gill disease_Bacterial gill disease_362.jpg,Bacterial gill disease_Bacterial gill disease_362.jpg,.jpg,fish,unlabeled,Kaggle_Fish,True,JPEG,False,f8bc8990027818750d0f83879c29d69e,fac4331b8cc86438,False,False,unlabeled
C:\Users\Asus\PycharmProjects\499_v1\datasets\fish\New Dataset\test_split\Bacterial gill disease_Bacterial gill disease_364.jpg,Bacterial gill disease_Bacterial gill disease_364.jpg,.jpg,fish,unlabeled,Kaggle_Fish,True,JPEG,False,408c2b7d427f92967478692d91d1bc4c,fc323767cdeedc51,False,False,unlabeled
C:\Users\Asus\PycharmProjects\499_v1\datasets\fish\New Dataset\test_split\Bacterial gill disease_Bacterial gill disease_37.jpg,Bacterial gill disease_Bacterial gill disease_37.jpg,.jpg,fish,unlabeled,Kaggle_Fish,True,JPEG,False,7353bf1025ba892fcf541e5ae1128f5a,438f337741925e0d,False,True,unlabeled
C:\Users\Asus\PycharmProjects\499_v1\datasets\fish\New Dataset\test_split\Bacterial gill disease_Bacterial gill disease_376.jpg,Bacterial gill disease_Bacterial gill disease_376.jpg,.jpg,fish,unlabeled,Kaggle_Fish,True,JPEG,False,5032ad94e2deb92bc2f422e2f6cbae59,256d49c3733819c7,False,False,unlabeled
C:\Users\Asus\PycharmProjects\499_v1\datasets\fish\New Dataset\test_split\Bacterial gill disease_Bacterial gill disease_406.jpg,Bacterial gill disease_Bacterial gill disease_406.jpg,.jpg,fish,unlabeled,Kaggle_Fish,True,JPEG,False,0f311c64dc918f88dc966def9d3134a6,074d16366e3c090f,False,False,unlabeled
C:\Users\Asus\PycharmProjects\499_v1\datasets\fish\New Dataset\test_split\Bacterial gill disease_Bacterial gill disease_48.jpg,Bacterial gill disease_Bacterial gill disease_48.jpg,.jpg,fish,unlabeled,Kaggle_Fish,True,JPEG,False,a490371eb1e91264b9747dd0eb335ac8,c72d2b5bda99d999,False,False,unlabeled
C:\Users\Asus\PycharmProjects\499_v1\datasets\fish\New Dataset\test_split\Bacterial gill disease_Bacterial gill disease_50.jpeg,Bacterial gill disease_Bacterial gill disease_50.jpeg,.jpeg,fish,unlabeled,Kaggle_Fish,True,JPEG,False,a2c65ea69160acdf827f70adf1b109e8,c23916872f2b0f1c,False,False,unlabeled
C:\Users\Asus\PycharmProjects\499_v1\datasets\fish\New Dataset\test_split\Bacterial gill disease_Bacterial gill disease_59.jpg,Bacterial gill disease_Bacterial gill disease_59.jpg,.jpg,fish,unlabeled,Kaggle_Fish,True,JPEG,False,456513b91f1346856e7acd954766d047,00c00c96b7a460e0,False,False,unlabeled
C:\Users\Asus\PycharmProjects\499_v1\datasets\fish\New Dataset\test_split\Bacterial gill disease_Bacterial gill disease_6.jpg,Bacterial gill disease_Bacterial gill disease_6.jpg,.jpg,fish,unlabeled,Kaggle_Fish,True,JPEG,False,35494ad386dce8fc8ee872bfa4657f28,535214058ccecccc,False,False,unlabeled
C:\Users\Asus\PycharmProjects\499_v1\datasets\fish\New Dataset\test_split\Bacterial gill disease_Bacterial gill disease_61.jpg,Bacterial gill disease_Bacterial gill disease_61.jpg,.jpg,fish,unlabeled,Kaggle_Fish,True,JPEG,False,e52a6132e9a2e29e10a5e5cb445acd51,0c64e4ec78144401,False,False,unlabeled
C:\Users\Asus\PycharmProjects\499_v1\datasets\fish\New Dataset\test_split\Bacterial gill disease_Bacterial gill disease_67.jpg,Bacterial gill disease_Bacterial gill disease_67.jpg,.jpg,fish,unlabeled,Kaggle_Fish,True,JPEG,False,ff9e1f95ee16045e4f33e99e28876bc9,b0b0b91838befefe,False,False,unlabeled
C:\Users\Asus\PycharmProjects\499_v1\datasets\fish\New Dataset\test_split\Bacterial gill disease_Bacterial gill disease_72.jpg,Bacterial gill disease_Bacterial gill disease_72.jpg,.jpg,fish,unlabeled,Kaggle_Fish,True,JPEG,False,188af917186eabe0b73a6769e6c29087,2f3cb42064657579,False,False,unlabeled
C:\Users\Asus\PycharmProjects\499_v1\datasets\fish\New Dataset\test_split\Bacterial gill disease_Bacterial gill disease_75.jpg,Bacterial gill disease_Bacterial gill disease_75.jpg,.jpg,fish,unlabeled,Kaggle_Fish,True,JPEG,False,beb531e053769ab6afbf1d82be9ed359,6c305b4acc980811,False,False,unlabeled
C:\Users\Asus\PycharmProjects\499_v1\datasets\fish\New Dataset\test_split\Bacterial gill disease_Bacterial gill disease_76.jpg,Bacterial gill disease_Bacterial gill disease_76.jpg,.jpg,fish,unlabeled,Kaggle_Fish,True,JPEG,False,31d925249666fec4695a532abdae5d82,ecec3e794d663af8,False,False,unlabeled
C:\Users\Asus\PycharmProjects\499_v1\datasets\fish\New Dataset\test_split\Bacterial gill disease_Bacterial gill disease_79.jpeg,Bacterial gill disease_Bacterial gill disease_79.jpeg,.jpeg,fish,unlabeled,Kaggle_Fish,True,JPEG,False,068a70665f96ae04a10050ea8f17b176,0efce860c9400004,False,False,unlabeled
C:\Users\Asus\PycharmProjects\499_v1\datasets\fish\New Dataset\test_split\Bacterial gill disease_Bacterial gill disease_94.jpg,Bacterial gill disease_Bacterial gill disease_94.jpg,.jpg,fish,unlabeled,Kaggle_Fish,True,JPEG,False,c506946a4b0927ce9e76a4a50eab0b40,f0c88c9edcc4f311,False,False,unlabeled
C:\Users\Asus\PycharmProjects\499_v1\datasets\fish\New Dataset\test_split\Bacterial gill disease_Bacterial gill disease_98.jpg,Bacterial gill disease_Bacterial gill disease_98.jpg,.jpg,fish,unlabeled,Kaggle_Fish,True,JPEG,False,548b2e0a074bdaee55354a85146c1383,1127458d99904d25,False,False,unlabeled
C:\Users\Asus\PycharmProjects\499_v1\datasets\fish\New Dataset\test_split\Bacterial Red disease_Bacterial Red disease_1.jpeg,Bacterial Red disease_Bacterial Red disease_1.jpeg,.jpeg,fish,unlabeled,Kaggle_Fish,True,JPEG,False,5f1dbc1c2ce6ea9914394908cebc0177,309c064753561e9a,False,False,unlabeled
C:\Users\Asus\PycharmProjects\499_v1\datasets\fish\New Dataset\test_split\Bacterial Red disease_Bacterial Red disease_12.jpg,Bacterial Red disease_Bacterial Red disease_12.jpg,.jpg,fish,unlabeled,Kaggle_Fish,True,JPEG,False,ea457810b9a0b595bd824132ff8ca249,79eccccdcdd83033,False,True,unlabeled
C:\Users\Asus\PycharmProjects\499_v1\datasets\fish\New Dataset\test_split\Bacterial Red disease_Bacterial Red disease_124.jpg,Bacterial Red disease_Bacterial Red disease_124.jpg,.jpg,fish,unlabeled,Kaggle_Fish,True,JPEG,False,5a01c2c05fef73152a243151a92852a1,75616d6d63c14141,False,False,unlabeled
C:\Users\Asus\PycharmProjects\499_v1\datasets\fish\New Dataset\test_split\Bacterial Red disease_Bacterial Red disease_129.jpg,Bacterial Red disease_Bacterial Red disease_129.jpg,.jpg,fish,unlabeled,Kaggle_Fish,True,JPEG,False,199f597d70fa72c508974b3b4c9a36c1,f179f87436128e4d,False,True,unlabeled
C:\Users\Asus\PycharmProjects\499_v1\datasets\fish\New Dataset\test_split\Bacterial Red disease_Bacterial Red disease_130.jpg,Bacterial Red disease_Bacterial Red disease_130.jpg,.jpg,fish,unlabeled,Kaggle_Fish,True,JPEG,False,8b6013717e7d7a377f403508861d4d9e,2d2d8d8dcd9dcded,False,False,unlabeled
C:\Users\Asus\PycharmProjects\499_v1\datasets\fish\New Dataset\test_split\Bacterial Red disease_Bacterial Red disease_15.jpg,Bacterial Red disease_Bacterial Red disease_15.jpg,.jpg,fish,unlabeled,Kaggle_Fish,True,JPEG,False,e7e51040013730815b4982ccd5f71666,0c619095c7346093,False,False,unlabeled
C:\Users\Asus\PycharmProjects\499_v1\datasets\fish\New Dataset\test_split\Bacterial Red disease_Bacterial Red disease_155.jpg,Bacterial Red disease_Bacterial Red disease_155.jpg,.jpg,fish,unlabeled,Kaggle_Fish,True,JPEG,False,d3dde62e0f18d005ab22f562b4c2d2f7,1f3efc783dac6cdf,False,False,unlabeled
C:\Users\Asus\PycharmProjects\499_v1\datasets\fish\New Dataset\test_split\Bacterial Red disease_Bacterial Red disease_16.jpg,Bacterial Red disease_Bacterial Red disease_16.jpg,.jpg,fish,unlabeled,Kaggle_Fish,True,JPEG,False,8b754c44e77df1e0821e095db720a63f,f0d0b27860b0c44f,False,False,unlabeled
C:\Users\Asus\PycharmProjects\499_v1\datasets\fish\New Dataset\test_split\Bacterial Red disease_Bacterial Red disease_164.jpg,Bacterial Red disease_Bacterial Red disease_164.jpg,.jpg,fish,unlabeled,Kaggle_Fish,True,JPEG,False,59a345c7eda6c9ac9ff9700c94069daf,19191d8d99323a1a,False,False,unlabeled
C:\Users\Asus\PycharmProjects\499_v1\datasets\fish\New Dataset\test_split\Bacterial Red disease_Bacterial Red disease_165.jpg,Bacterial Red disease_Bacterial Red disease_165.jpg,.jpg,fish,unlabeled,Kaggle_Fish,True,JPEG,False,6eab90853e55009ec947c55bfc6a6f8e,068e0e271387c6e6,False,False,unlabeled
C:\Users\Asus\PycharmProjects\499_v1\datasets\fish\New Dataset\test_split\Bacterial Red disease_Bacterial Red disease_180.jpg,Bacterial Red disease_Bacterial Red disease_180.jpg,.jpg,fish,unlabeled,Kaggle_Fish,True,JPEG,False,207e14620ed649f9e1ac050a68ca58cd,fc763c96877f3181,False,False,unlabeled
C:\Users\Asus\PycharmProjects\499_v1\datasets\fish\New Dataset\test_split\Bacterial Red disease_Bacterial Red disease_186.jpg,Bacterial Red disease_Bacterial Red disease_186.jpg,.jpg,fish,unlabeled,Kaggle_Fish,True,JPEG,False,7133d30258a6edc05405d3d739c95d44,0f1b363e1c8d9a8c,False,True,unlabeled
C:\Users\Asus\PycharmProjects\499_v1\datasets\fish\New Dataset\test_split\Bacterial Red disease_Bacterial Red disease_191.jpg,Bacterial Red disease_Bacterial Red disease_191.jpg,.jpg,fish,unlabeled,Kaggle_Fish,True,JPEG,False,512431bf037d84df98da453914e69423,67a58c4e49cad41c,False,False,unlabeled
C:\Users\Asus\PycharmProjects\499_v1\datasets\fish\New Dataset\test_split\Bacterial Red disease_Bacterial Red disease_20.jpeg,Bacterial Red disease_Bacterial Red disease_20.jpeg,.jpeg,fish,unlabeled,Kaggle_Fish,True,JPEG,False,a9bf94d1c0373dfeb882c445e277b7be,92899c1e379b0f3e,False,True,unlabeled
C:\Users\Asus\PycharmProjects\499_v1\datasets\fish\New Dataset\test_split\Bacterial Red disease_Bacterial Red disease_203.jpg,Bacterial Red disease_Bacterial Red disease_203.jpg,.jpg,fish,unlabeled,Kaggle_Fish,True,JPEG,False,a158b65b569e105058230f2a3e57a4e8,7b9f2f3250552141,False,False,unlabeled
C:\Users\Asus\PycharmProjects\499_v1\datasets\fish\New Dataset\test_split\Bacterial Red disease_Bacterial Red disease_210.jpg,Bacterial Red disease_Bacterial Red disease_210.jpg,.jpg,fish,unlabeled,Kaggle_Fish,True,JPEG,False,0f24443c61b4e0bb9bfcb9024d53d9ec,007a92e060404646,False,False,unlabeled
C:\Users\Asus\PycharmProjects\499_v1\datasets\fish\New Dataset\test_split\Bacterial Red disease_Bacterial Red disease_212.jpg,Bacterial Red disease_Bacterial Red disease_212.jpg,.jpg,fish,unlabeled,Kaggle_Fish,True,JPEG,False,553a734b40db3bc56b70fbcae96b8e89,c0441089c9b2e4c8,False,True,unlabeled
C:\Users\Asus\PycharmProjects\499_v1\datasets\fish\New Dataset\test_split\Bacterial Red disease_Bacterial Red disease_221.jpg,Bacterial Red disease_Bacterial Red disease_221.jpg,.jpg,fish,unlabeled,Kaggle_Fish,True,JPEG,False,138a3b373ec3aa050d08d823cf1bdbe4,000f0c191b87e337,False,True,unlabeled
C:\Users\Asus\PycharmProjects\499_v1\datasets\fish\New Dataset\test_split\Bacterial Red disease_Bacterial Red disease_224.jpg,Bacterial Red disease_Bacterial Red disease_224.jpg,.jpg,fish,unlabeled,Kaggle_Fish,True,JPEG,False,8863dbd7d4dc084594cdb87369d4d4da,c93b330f2f7e7d2f,False,False,unlabeled
C:\Users\Asus\PycharmProjects\499_v1\datasets\fish\New Dataset\test_split\Bacterial Red disease_Bacterial Red disease_39.jpg,Bacterial Red disease_Bacterial Red disease_39.jpg,.jpg,fish,unlabeled,Kaggle_Fish,True,JPEG,False,355ab9df866459fed57891a8a9e5a5bc,8f1b97a591010000,False,True,unlabeled
C:\Users\Asus\PycharmProjects\499_v1\datasets\fish\New Dataset\test_split\Bacterial Red disease_Bacterial Red disease_41.jpg,Bacterial Red disease_Bacterial Red disease_41.jpg,.jpg,fish,unlabeled,Kaggle_Fish,True,JPEG,False,50b4088276dc4a01d2fac425866b37bd,59078482c6030102,False,False,unlabeled
C:\Users\Asus\PycharmProjects\499_v1\datasets\fish\New Dataset\test_split\Bacterial Red disease_Bacterial Red disease_65.jpg,Bacterial Red disease_Bacterial Red disease_65.jpg,.jpg,fish,unlabeled,Kaggle_Fish,True,JPEG,False,9cbfbc0ee9e946e87af7a2a01d3351eb,0cb9cb2a331e1920,False,False,unlabeled
C:\Users\Asus\PycharmProjects\499_v1\datasets\fish\New Dataset\test_split\Bacterial Red disease_Bacterial Red disease_67.jpg,Bacterial Red disease_Bacterial Red disease_67.jpg,.jpg,fish,unlabeled,Kaggle_Fish,True,JPEG,False,b82c2d955b8cd7bfa191788602fa0c4e,0c2c2437c7ca0698,False,True,unlabeled
C:\Users\Asus\PycharmProjects\499_v1\datasets\fish\New Dataset\test_split\Bacterial Red disease_Bacterial Red disease_73.jpg,Bacterial Red disease_Bacterial Red disease_73.jpg,.jpg,fish,unlabeled,Kaggle_Fish,True,JPEG,False,bf5518aa272d316280e8ae09e571920d,00c2e2a04cce87b1,False,False,unlabeled
C:\Users\Asus\PycharmProjects\499_v1\datasets\fish\New Dataset\test_split\Bacterial Red disease_Bacterial Red disease_74.jpg,Bacterial Red disease_Bacterial Red disease_74.jpg,.jpg,fish,unlabeled,Kaggle_Fish,True,JPEG,False,75922605a64c0243054ad45ef31b6027,bcbab8e4e4972f4d,False,False,unlabeled
C:\Users\Asus\PycharmProjects\499_v1\datasets\fish\New Dataset\test_split\Bacterial Red disease_Bacterial Red disease_79.jpeg,Bacterial Red disease_Bacterial Red disease_79.jpeg,.jpeg,fish,unlabeled,Kaggle_Fish,True,JPEG,False,dbe078094e12521e7681ef0db03fdb00,d0c013591d0d1cd0,False,False,unlabeled
C:\Users\Asus\PycharmProjects\499_v1\datasets\fish\New Dataset\test_split\Bacterial Red disease_Bacterial Red disease_81.jpg,Bacterial Red disease_Bacterial Red disease_81.jpg,.jpg,fish,unlabeled,Kaggle_Fish,True,JPEG,False,aa832eb7ce1a1913b4965f75648ea79e,1f9f3f1b517373fb,False,False,unlabeled
C:\Users\Asus\PycharmProjects\499_v1\datasets\fish\New Dataset\test_split\Bacterial Red disease_Bacterial Red disease_9.jpg,Bacterial Red disease_Bacterial Red disease_9.jpg,.jpg,fish,unlabeled,Kaggle_Fish,True,JPEG,False,25fbbc8265b95d6f06427b98ee18e259,0366f4c0834fc632,False,False,unlabeled
C:\Users\Asus\PycharmProjects\499_v1\datasets\fish\New Dataset\test_split\EUS_EUS_133.jpg,EUS_EUS_133.jpg,.jpg,fish,unlabeled,Kaggle_Fish,True,JPEG,False,7e09f89f8b164a76685cbfb131d835c8,636343c36363b5b3,False,False,unlabeled
C:\Users\Asus\PycharmProjects\499_v1\datasets\fish\New Dataset\test_split\EUS_EUS_139.jpg,EUS_EUS_139.jpg,.jpg,fish,unlabeled,Kaggle_Fish,True,JPEG,False,c93ac23f2082aa08dcb5cddcaae52a6a,9b90c0aeaeec8cc8,False,True,unlabeled
C:\Users\Asus\PycharmProjects\499_v1\datasets\fish\New Dataset\test_split\EUS_EUS_141.jpg,EUS_EUS_141.jpg,.jpg,fish,unlabeled,Kaggle_Fish,True,JPEG,False,d1132b04c2f943c35d180a1f64e2e4e1,772e1c78e5636733,False,False,unlabeled
C:\Users\Asus\PycharmProjects\499_v1\datasets\fish\New Dataset\test_split\EUS_EUS_142.jpg,EUS_EUS_142.jpg,.jpg,fish,unlabeled,Kaggle_Fish,True,JPEG,False,483e9f0969fe0dd5cdfa16823961307f,29e8d9d8cc68b94c,False,False,unlabeled
C:\Users\Asus\PycharmProjects\499_v1\datasets\fish\New Dataset\test_split\EUS_EUS_145.jpg,EUS_EUS_145.jpg,.jpg,fish,unlabeled,Kaggle_Fish,True,JPEG,False,93c3fb519dfb6276fb99dc8dd487e02c,4a4a4a4a6b6b6a6b,False,False,unlabeled
C:\Users\Asus\PycharmProjects\499_v1\datasets\fish\New Dataset\test_split\EUS_EUS_15.jpg,EUS_EUS_15.jpg,.jpg,fish,unlabeled,Kaggle_Fish,True,JPEG,False,fe0a56fb626b346744320b95d55244a9,3773616969697333,False,True,unlabeled
C:\Users\Asus\PycharmProjects\499_v1\datasets\fish\New Dataset\test_split\EUS_EUS_151.jpg,EUS_EUS_151.jpg,.jpg,fish,unlabeled,Kaggle_Fish,True,JPEG,False,3651798814e03376b960ad485ef55049,a191e12d6730c140,False,False,unlabeled
C:\Users\Asus\PycharmProjects\499_v1\datasets\fish\New Dataset\test_split\EUS_EUS_154.jpg,EUS_EUS_154.jpg,.jpg,fish,unlabeled,Kaggle_Fish,True,JPEG,False,7ef8fa206ae672056d50aedc542e6471,d9f97c7a3bef0319,False,False,unlabeled
C:\Users\Asus\PycharmProjects\499_v1\datasets\fish\New Dataset\test_split\EUS_EUS_156.jpg,EUS_EUS_156.jpg,.jpg,fish,unlabeled,Kaggle_Fish,True,JPEG,False,279f5328b64260adbfff938b1d680679,078b21181723330b,False,True,unlabeled
C:\Users\Asus\PycharmProjects\499_v1\datasets\fish\New Dataset\test_split\EUS_EUS_157.jpg,EUS_EUS_157.jpg,.jpg,fish,unlabeled,Kaggle_Fish,True,JPEG,False,091bfafaee4ba87141a034686a0737d9,2636777777733336,False,False,unlabeled
C:\Users\Asus\PycharmProjects\499_v1\datasets\fish\New Dataset\test_split\EUS_EUS_159.jpg,EUS_EUS_159.jpg,.jpg,fish,unlabeled,Kaggle_Fish,True,JPEG,False,3eeef86775a5a73ee2f3aa14a36fcae7,61c989e188092e5c,False,False,unlabeled
C:\Users\Asus\PycharmProjects\499_v1\datasets\fish\New Dataset\test_split\EUS_EUS_16.jpg,EUS_EUS_16.jpg,.jpg,fish,unlabeled,Kaggle_Fish,True,JPEG,False,edd041e6d7cc2be514b46b75bc780989,06c301190b8f0eb3,False,False,unlabeled
C:\Users\Asus\PycharmProjects\499_v1\datasets\fish\New Dataset\test_split\EUS_EUS_162.jpg,EUS_EUS_162.jpg,.jpg,fish,unlabeled,Kaggle_Fish,True,JPEG,False,aa5775e345972856e1e6056f802fb77b,336168646464e0e0,False,False,unlabeled
C:\Users\Asus\PycharmProjects\499_v1\datasets\fish\New Dataset\test_split\EUS_EUS_168.jpg,EUS_EUS_168.jpg,.jpg,fish,unlabeled,Kaggle_Fish,True,JPEG,False,6c53f8f96bee6b0e1cf4f05be19e89c8,0848c81c1b3f9cdc,False,False,unlabeled
C:\Users\Asus\PycharmProjects\499_v1\datasets\fish\New Dataset\test_split\EUS_EUS_173.jpg,EUS_EUS_173.jpg,.jpg,fish,unlabeled,Kaggle_Fish,True,JPEG,False,44b58dbe58244eedb1cc3289273a0bd5,c0c3e1e9e1bea5a7,False,False,unlabeled
C:\Users\Asus\PycharmProjects\499_v1\datasets\fish\New Dataset\test_split\EUS_EUS_176.jpg,EUS_EUS_176.jpg,.jpg,fish,unlabeled,Kaggle_Fish,True,JPEG,False,caab4b94362f1984c11deec7c6726617,41c35cbca6b65adb,False,False,unlabeled
C:\Users\Asus\PycharmProjects\499_v1\datasets\fish\New Dataset\test_split\EUS_EUS_178.jpg,EUS_EUS_178.jpg,.jpg,fish,unlabeled,Kaggle_Fish,True,JPEG,False,6916a6de7da1c93add9bf12cbf2b370f,63ed4cf2ac9c8d6d,False,False,unlabeled
C:\Users\Asus\PycharmProjects\499_v1\datasets\fish\New Dataset\test_split\EUS_EUS_187.jpg,EUS_EUS_187.jpg,.jpg,fish,unlabeled,Kaggle_Fish,True,JPEG,False,0e9b4288e1a5875f6b62c26371f15219,c993070d0909ec3c,False,False,unlabeled
C:\Users\Asus\PycharmProjects\499_v1\datasets\fish\New Dataset\test_split\EUS_EUS_19.jpg,EUS_EUS_19.jpg,.jpg,fish,unlabeled,Kaggle_Fish,True,JPEG,False,49a7b6ed8b5beb7bfd0faba21b8c8883,e883909afafb3c34,False,False,unlabeled
C:\Users\Asus\PycharmProjects\499_v1\datasets\fish\New Dataset\test_split\EUS_EUS_190.jpg,EUS_EUS_190.jpg,.jpg,fish,unlabeled,Kaggle_Fish,True,JPEG,False,b91b8f7a9f59fd11db9e7942b740fa55,a0a6061fb97021b1,False,False,unlabeled
C:\Users\Asus\PycharmProjects\499_v1\datasets\fish\New Dataset\test_split\EUS_EUS_224.jpg,EUS_EUS_224.jpg,.jpg,fish,unlabeled,Kaggle_Fish,True,JPEG,False,be742da1c3e2eaee094761ff673dcc7c,0fc70d3d3f0f3d3b,False,False,unlabeled
C:\Users\Asus\PycharmProjects\499_v1\datasets\fish\New Dataset\test_split\EUS_EUS_226.jpg,EUS_EUS_226.jpg,.jpg,fish,unlabeled,Kaggle_Fish,True,JPEG,False,521bed22ffee1a346c72f8a0102bc206,047cf3b3f5e63609,False,False,unlabeled
C:\Users\Asus\PycharmProjects\499_v1\datasets\fish\New Dataset\test_split\EUS_EUS_231.jpg,EUS_EUS_231.jpg,.jpg,fish,unlabeled,Kaggle_Fish,True,JPEG,False,22415e95dd2ad0f42398067890c2a340,60241cd993871cb8,False,False,unlabeled
C:\Users\Asus\PycharmProjects\499_v1\datasets\fish\New Dataset\test_split\EUS_EUS_233.jpg,EUS_EUS_233.jpg,.jpg,fish,unlabeled,Kaggle_Fish,True,JPEG,False,446f2a815d1d02ad16ea8860e9ce2e5a,98b8b8e4e4e8f2b2,False,False,unlabeled
C:\Users\Asus\PycharmProjects\499_v1\datasets\fish\New Dataset\test_split\EUS_EUS_251.jpg,EUS_EUS_251.jpg,.jpg,fish,unlabeled,Kaggle_Fish,True,JPEG,False,f50a1427f1f1e8ef3adf92771f40592b,8e1f3b3f3f373f17,False,False,unlabeled
C:\Users\Asus\PycharmProjects\499_v1\datasets\fish\New Dataset\test_split\EUS_EUS_263.jpg,EUS_EUS_263.jpg,.jpg,fish,unlabeled,Kaggle_Fish,True,JPEG,False,1ef5ccae730577078c2b84a00e34a150,49ccecccec6c2d2d,False,False,unlabeled
C:\Users\Asus\PycharmProjects\499_v1\datasets\fish\New Dataset\test_split\EUS_EUS_27.jpg,EUS_EUS_27.jpg,.jpg,fish,unlabeled,Kaggle_Fish,True,JPEG,False,cf4e9c222a9b8ef5e3bf673830151d27,420683032323078c,False,True,unlabeled
C:\Users\Asus\PycharmProjects\499_v1\datasets\fish\New Dataset\test_split\EUS_EUS_273.jpg,EUS_EUS_273.jpg,.jpg,fish,unlabeled,Kaggle_Fish,True,JPEG,False,34b673ca39f3366d8c14a5963f1ba98b,2facb3a5850928e2,False,False,unlabeled
C:\Users\Asus\PycharmProjects\499_v1\datasets\fish\New Dataset\test_split\EUS_EUS_282.jpg,EUS_EUS_282.jpg,.jpg,fish,unlabeled,Kaggle_Fish,True,JPEG,False,afbd58e2d6b87074109eab8e3956c117,936e5694cd9af5c3,False,False,unlabeled
C:\Users\Asus\PycharmProjects\499_v1\datasets\fish\New Dataset\test_split\EUS_EUS_283.jpg,EUS_EUS_283.jpg,.jpg,fish,unlabeled,Kaggle_Fish,True,JPEG,False,6895f504f14d309919f394c9ecbcda09,f223241d0dbc5a0e,False,True,unlabeled
C:\Users\Asus\PycharmProjects\499_v1\datasets\fish\New Dataset\test_split\EUS_EUS_289.jpg,EUS_EUS_289.jpg,.jpg,fish,unlabeled,Kaggle_Fish,True,JPEG,False,d40f3d50d4faf0eef9755c0e9816aea6,6064f230599b3432,False,False,unlabeled
C:\Users\Asus\PycharmProjects\499_v1\datasets\fish\New Dataset\test_split\EUS_EUS_291.jpg,EUS_EUS_291.jpg,.jpg,fish,unlabeled,Kaggle_Fish,True,JPEG,False,d0fbf5e5158fe7b025abfa415b6d5185,c2c4c310c4cc8aca,False,False,unlabeled
C:\Users\Asus\PycharmProjects\499_v1\datasets\fish\New Dataset\test_split\EUS_EUS_293.jpg,EUS_EUS_293.jpg,.jpg,fish,unlabeled,Kaggle_Fish,True,JPEG,False,ab6be999eb04086aa8942bad8336714b,3269687a376618c3,False,True,unlabeled
C:\Users\Asus\PycharmProjects\499_v1\datasets\fish\New Dataset\test_split\EUS_EUS_30.jpg,EUS_EUS_30.jpg,.jpg,fish,unlabeled,Kaggle_Fish,True,JPEG,False,315bb75de540058450f58546830037cb,6363931e1e893303,False,True,unlabeled
C:\Users\Asus\PycharmProjects\499_v1\datasets\fish\New Dataset\test_split\EUS_EUS_306.jpg,EUS_EUS_306.jpg,.jpg,fish,unlabeled,Kaggle_Fish,True,JPEG,False,978765615f461ce28680737c54932772,c4e943101033e080,False,False,unlabeled
C:\Users\Asus\PycharmProjects\499_v1\datasets\fish\New Dataset\test_split\EUS_EUS_307.jpg,EUS_EUS_307.jpg,.jpg,fish,unlabeled,Kaggle_Fish,True,JPEG,False,2c08081ec34831a88f2668a2ccf86ea4,73b364644e4a66b1,False,False,unlabeled
C:\Users\Asus\PycharmProjects\499_v1\datasets\fish\New Dataset\test_split\EUS_EUS_315.jpg,EUS_EUS_315.jpg,.jpg,fish,unlabeled,Kaggle_Fish,True,JPEG,False,20dd9a3845efb854063ba0db0bb0cb25,86862f7fbdcdc485,False,False,unlabeled
C:\Users\Asus\PycharmProjects\499_v1\datasets\fish\New Dataset\test_split\EUS_EUS_316.jpg,EUS_EUS_316.jpg,.jpg,fish,unlabeled,Kaggle_Fish,True,JPEG,False,4d207e7bc1faca611df47a978eaa6bed,0e068b1b33638a2c,False,False,unlabeled
C:\Users\Asus\PycharmProjects\499_v1\datasets\fish\New Dataset\test_split\EUS_EUS_320.jpg,EUS_EUS_320.jpg,.jpg,fish,unlabeled,Kaggle_Fish,True,JPEG,False,e6bffb0d033665aca760c1bab1d5f260,c170de8b63c29870,False,False,unlabeled
C:\Users\Asus\PycharmProjects\499_v1\datasets\fish\New Dataset\test_split\EUS_EUS_330.jpg,EUS_EUS_330.jpg,.jpg,fish,unlabeled,Kaggle_Fish,True,JPEG,False,69609bcb50e96cbbce5f5e2fa78e4f2f,2f33493526332f0f,False,True,unlabeled
C:\Users\Asus\PycharmProjects\499_v1\datasets\fish\New Dataset\test_split\EUS_EUS_337.jpg,EUS_EUS_337.jpg,.jpg,fish,unlabeled,Kaggle_Fish,True,JPEG,False,55a47d36583bb7ce7c55a03d16444548,6b66ba230f16bcb5,False,False,unlabeled
C:\Users\Asus\PycharmProjects\499_v1\datasets\fish\New Dataset\test_split\EUS_EUS_338.jpg,EUS_EUS_338.jpg,.jpg,fish,unlabeled,Kaggle_Fish,True,JPEG,False,8994c1b3c391452c0039690b32b531ee,0f1e7ed9bbb3471f,False,False,unlabeled
C:\Users\Asus\PycharmProjects\499_v1\datasets\fish\New Dataset\test_split\EUS_EUS_340.jpg,EUS_EUS_340.jpg,.jpg,fish,unlabeled,Kaggle_Fish,True,JPEG,False,f2ec3cbe0a6290b40832f40c26a7f6fb,9689a3230e9d915d,False,False,unlabeled
C:\Users\Asus\PycharmProjects\499_v1\datasets\fish\New Dataset\test_split\EUS_EUS_349.jpg,EUS_EUS_349.jpg,.jpg,fish,unlabeled,Kaggle_Fish,True,JPEG,False,2a8e2de09601d45e0f5a510b956cc62d,f3464c2020d41c2e,False,False,unlabeled
C:\Users\Asus\PycharmProjects\499_v1\datasets\fish\New Dataset\test_split\EUS_EUS_352.jpg,EUS_EUS_352.jpg,.jpg,fish,unlabeled,Kaggle_Fish,True,JPEG,False,9b3b05e268f6108eeaf487c426711b0f,db49656525252667,False,False,unlabeled
C:\Users\Asus\PycharmProjects\499_v1\datasets\fish\New Dataset\test_split\EUS_EUS_39.jpg,EUS_EUS_39.jpg,.jpg,fish,unlabeled,Kaggle_Fish,True,JPEG,False,327fd44f44f4375d68f69a0c46e8ba54,070d3c6b052d1b07,False,False,unlabeled
C:\Users\Asus\PycharmProjects\499_v1\datasets\fish\New Dataset\test_split\EUS_EUS_4.jpg,EUS_EUS_4.jpg,.jpg,fish,unlabeled,Kaggle_Fish,True,JPEG,False,4be8a547e28ca6250963973fdefc6fed,676e4e8f8fce4e5c,False,False,unlabeled
C:\Users\Asus\PycharmProjects\499_v1\datasets\fish\New Dataset\test_split\EUS_EUS_49.jpg,EUS_EUS_49.jpg,.jpg,fish,unlabeled,Kaggle_Fish,True,JPEG,False,38c4f79594dd98be7f0cda1746564fb1,f3794b99930f8793,False,False,unlabeled
C:\Users\Asus\PycharmProjects\499_v1\datasets\fish\New Dataset\test_split\EUS_EUS_53.jpg,EUS_EUS_53.jpg,.jpg,fish,unlabeled,Kaggle_Fish,True,JPEG,False,c2bd3037483ffb2311966552b49e151f,3af3f3f3e6e6e7e6,False,False,unlabeled
C:\Users\Asus\PycharmProjects\499_v1\datasets\fish\New Dataset\test_split\EUS_EUS_54.jpg,EUS_EUS_54.jpg,.jpg,fish,unlabeled,Kaggle_Fish,True,JPEG,False,39cc7fa9b6bd83c1b7c7f32e8f4b4ecc,8d601c4d627979f9,False,False,unlabeled
C:\Users\Asus\PycharmProjects\499_v1\datasets\fish\New Dataset\test_split\EUS_EUS_64.jpg,EUS_EUS_64.jpg,.jpg,fish,unlabeled,Kaggle_Fish,True,JPEG,False,2cdfd35973d36157e7bd84270b725179,cbcb4b4fc6c6e665,False,False,unlabeled
C:\Users\Asus\PycharmProjects\499_v1\datasets\fish\New Dataset\test_split\EUS_EUS_68.jpg,EUS_EUS_68.jpg,.jpg,fish,unlabeled,Kaggle_Fish,True,JPEG,False,c1526fbf86e943441e28bb2aff3273f4,c0c0d0c0e4e8f479,False,False,unlabeled
C:\Users\Asus\PycharmProjects\499_v1\datasets\fish\New Dataset\test_split\EUS_EUS_73.jpg,EUS_EUS_73.jpg,.jpg,fish,unlabeled,Kaggle_Fish,True,JPEG,False,4df6bc98056f6d8c8847d5db0d14920c,5a9f15499712c37f,False,False,unlabeled
C:\Users\Asus\PycharmProjects\499_v1\datasets\fish\New Dataset\test_split\EUS_EUS_80.jpg,EUS_EUS_80.jpg,.jpg,fish,unlabeled,Kaggle_Fish,True,JPEG,False,73645da74497a3697f6592ff9900c54f,cbcb1e194d0d2626,False,False,unlabeled
C:\Users\Asus\PycharmProjects\499_v1\datasets\fish\New Dataset\test_split\EUS_EUS_81.jpg,EUS_EUS_81.jpg,.jpg,fish,unlabeled,Kaggle_Fish,True,JPEG,False,cf654cbc23ef6e7cef9003024e092815,22bba6044c4c1c01,False,False,unlabeled
C:\Users\Asus\PycharmProjects\499_v1\datasets\fish\New Dataset\test_split\EUS_EUS_94.jpg,EUS_EUS_94.jpg,.jpg,fish,unlabeled,Kaggle_Fish,True,JPEG,False,4677aff377965090cedc0e747866137b,2126a48f0f3c2045,False,True,unlabeled
C:\Users\Asus\PycharmProjects\499_v1\datasets\fish\New Dataset\test_split\Fungal diseases Saprolegniasis_Fungal diseases Saprolegniasis_1.jpeg,Fungal diseases Saprolegniasis_Fungal diseases Saprolegniasis_1.jpeg,.jpeg,fish,unlabeled,Kaggle_Fish,True,JPEG,False,f53c54bb4f8674fe818cad52fcc1fcb8,d8983cc6e0dddb4e,False,False,unlabeled
C:\Users\Asus\PycharmProjects\499_v1\datasets\fish\New Dataset\test_split\Fungal diseases Saprolegniasis_Fungal diseases Saprolegniasis_128.jpg,Fungal diseases Saprolegniasis_Fungal diseases Saprolegniasis_128.jpg,.jpg,fish,unlabeled,Kaggle_Fish,True,JPEG,False,9810a71c6a21adbf34fa64386364080f,6263639151633971,False,False,unlabeled
C:\Users\Asus\PycharmProjects\499_v1\datasets\fish\New Dataset\test_split\Fungal diseases Saprolegniasis_Fungal diseases Saprolegniasis_13.jpg,Fungal diseases Saprolegniasis_Fungal diseases Saprolegniasis_13.jpg,.jpg,fish,unlabeled,Kaggle_Fish,True,JPEG,False,e292a62a317ec28ad9926d30bcb8f431,c5953b3f7c7e1a1a,False,False,unlabeled
C:\Users\Asus\PycharmProjects\499_v1\datasets\fish\New Dataset\test_split\Fungal diseases Saprolegniasis_Fungal diseases Saprolegniasis_141.jpg,Fungal diseases Saprolegniasis_Fungal diseases Saprolegniasis_141.jpg,.jpg,fish,unlabeled,Kaggle_Fish,True,JPEG,False,82634c87146cad7b9da7d61f83a632b4,7fbf3f1f3e0e0f0f,False,True,unlabeled
C:\Users\Asus\PycharmProjects\499_v1\datasets\fish\New Dataset\test_split\Fungal diseases Saprolegniasis_Fungal diseases Saprolegniasis_144.jpg,Fungal diseases Saprolegniasis_Fungal diseases Saprolegniasis_144.jpg,.jpg,fish,unlabeled,Kaggle_Fish,True,JPEG,False,e4274327ece51e035736f61d8b2d1e86,133207080c030f1f,False,False,unlabeled
C:\Users\Asus\PycharmProjects\499_v1\datasets\fish\New Dataset\test_split\Fungal diseases Saprolegniasis_Fungal diseases Saprolegniasis_15.jpg,Fungal diseases Saprolegniasis_Fungal diseases Saprolegniasis_15.jpg,.jpg,fish,unlabeled,Kaggle_Fish,True,JPEG,False,ed95b59190014d64cce0b29fe645882f,87001091072d2979,False,False,unlabeled
C:\Users\Asus\PycharmProjects\499_v1\datasets\fish\New Dataset\test_split\Fungal diseases Saprolegniasis_Fungal diseases Saprolegniasis_182.jpg,Fungal diseases Saprolegniasis_Fungal diseases Saprolegniasis_182.jpg,.jpg,fish,unlabeled,Kaggle_Fish,True,JPEG,False,d03bdfdc8a7b763bbacb20a2f80e0471,e1eb5b3eefedbb78,False,False,unlabeled
C:\Users\Asus\PycharmProjects\499_v1\datasets\fish\New Dataset\test_split\Fungal diseases Saprolegniasis_Fungal diseases Saprolegniasis_184.jpg,Fungal diseases Saprolegniasis_Fungal diseases Saprolegniasis_184.jpg,.jpg,fish,unlabeled,Kaggle_Fish,True,JPEG,False,b56d312066c376e1074aa51820ddab22,71b0f84fc702188e,False,False,unlabeled
C:\Users\Asus\PycharmProjects\499_v1\datasets\fish\New Dataset\test_split\Fungal diseases Saprolegniasis_Fungal diseases Saprolegniasis_222.jpg,Fungal diseases Saprolegniasis_Fungal diseases Saprolegniasis_222.jpg,.jpg,fish,unlabeled,Kaggle_Fish,True,JPEG,False,bc9978ba63ded0832237bd1cdc9822dd,32a6a58c48da1913,False,False,unlabeled
C:\Users\Asus\PycharmProjects\499_v1\datasets\fish\New Dataset\test_split\Fungal diseases Saprolegniasis_Fungal diseases Saprolegniasis_248.jpg,Fungal diseases Saprolegniasis_Fungal diseases Saprolegniasis_248.jpg,.jpg,fish,unlabeled,Kaggle_Fish,True,JPEG,False,eabe4d0f14929c1f8c69c9445e1fc94f,5b36e5effdef3fcf,False,False,unlabeled
C:\Users\Asus\PycharmProjects\499_v1\datasets\fish\New Dataset\test_split\Fungal diseases Saprolegniasis_Fungal diseases Saprolegniasis_29.jpeg,Fungal diseases Saprolegniasis_Fungal diseases Saprolegniasis_29.jpeg,.jpeg,fish,unlabeled,Kaggle_Fish,True,JPEG,False,cb270c291e4a9659a9e047d473aea8fb,63ef8f1ff71f0f1f,False,False,unlabeled
C:\Users\Asus\PycharmProjects\499_v1\datasets\fish\New Dataset\test_split\Fungal diseases Saprolegniasis_Fungal diseases Saprolegniasis_52.jpg,Fungal diseases Saprolegniasis_Fungal diseases Saprolegniasis_52.jpg,.jpg,fish,unlabeled,Kaggle_Fish,True,JPEG,False,171472f0bd227971ddc3eaca68ac43af,1d183063dcf0c383,False,True,unlabeled
C:\Users\Asus\PycharmProjects\499_v1\datasets\fish\New Dataset\test_split\Fungal diseases Saprolegniasis_Fungal diseases Saprolegniasis_53.jpg,Fungal diseases Saprolegniasis_Fungal diseases Saprolegniasis_53.jpg,.jpg,fish,unlabeled,Kaggle_Fish,True,JPEG,False,057e6430799587eab100f8dcb0e81a42,0b2e8d8f060f0d8d,False,True,unlabeled
C:\Users\Asus\PycharmProjects\499_v1\datasets\fish\New Dataset\test_split\Fungal diseases Saprolegniasis_Fungal diseases Saprolegniasis_57.jpg,Fungal diseases Saprolegniasis_Fungal diseases Saprolegniasis_57.jpg,.jpg,fish,unlabeled,Kaggle_Fish,True,JPEG,False,c85b80347588688a647f811f757e93b9,4541050f47c7c103,False,False,unlabeled
C:\Users\Asus\PycharmProjects\499_v1\datasets\fish\New Dataset\test_split\Fungal diseases Saprolegniasis_Fungal diseases Saprolegniasis_75.jpg,Fungal diseases Saprolegniasis_Fungal diseases Saprolegniasis_75.jpg,.jpg,fish,unlabeled,Kaggle_Fish,True,JPEG,False,bfd6bda4a71e16e0ad3f0a3d8afc7019,80c0906060f07878,False,True,unlabeled
C:\Users\Asus\PycharmProjects\499_v1\datasets\fish\New Dataset\test_split\Fungal diseases Saprolegniasis_Fungal diseases Saprolegniasis_79.jpg,Fungal diseases Saprolegniasis_Fungal diseases Saprolegniasis_79.jpg,.jpg,fish,unlabeled,Kaggle_Fish,True,JPEG,False,69c30294a12664123731efa54c7b3d18,5b1b9830f1307071,False,False,unlabeled
C:\Users\Asus\PycharmProjects\499_v1\datasets\fish\New Dataset\test_split\Fungal diseases Saprolegniasis_Fungal diseases Saprolegniasis_80.jpg,Fungal diseases Saprolegniasis_Fungal diseases Saprolegniasis_80.jpg,.jpg,fish,unlabeled,Kaggle_Fish,True,JPEG,False,86ce087aacece4e3bc4e628cc5af70c5,8fe062f098788c0e,False,False,unlabeled
C:\Users\Asus\PycharmProjects\499_v1\datasets\fish\New Dataset\test_split\Fungal diseases Saprolegniasis_Fungal diseases Saprolegniasis_91.jpg,Fungal diseases Saprolegniasis_Fungal diseases Saprolegniasis_91.jpg,.jpg,fish,unlabeled,Kaggle_Fish,True,JPEG,False,ea6c5b400d47771c48bf91c3992284ef,4114647999cc8804,False,False,unlabeled
C:\Users\Asus\PycharmProjects\499_v1\datasets\fish\New Dataset\test_split\Fungal diseases Saprolegniasis_Fungal diseases Saprolegniasis_92.jpg,Fungal diseases Saprolegniasis_Fungal diseases Saprolegniasis_92.jpg,.jpg,fish,unlabeled,Kaggle_Fish,True,JPEG,False,f19c3d0bd7743f84088b77cfaf9ce6b3,1f1f3f53d3937878,False,False,unlabeled
C:\Users\Asus\PycharmProjects\499_v1\datasets\fish\New Dataset\test_split\Healthy Fish_Healthy Fish_163.jpg,Healthy Fish_Healthy Fish_163.jpg,.jpg,fish,unlabeled,Kaggle_Fish,True,JPEG,False,ac300e5388214d6be98373c8606f2d82,f21a1d3c7567e6d2,False,False,unlabeled
C:\Users\Asus\PycharmProjects\499_v1\datasets\fish\New Dataset\test_split\Healthy Fish_Healthy Fish_183.jpg,Healthy Fish_Healthy Fish_183.jpg,.jpg,fish,unlabeled,Kaggle_Fish,True,JPEG,False,6d1235fcacd59d0f6c31b2395f9780ba,d080240208c0c080,False,True,unlabeled
C:\Users\Asus\PycharmProjects\499_v1\datasets\fish\New Dataset\test_split\Healthy Fish_Healthy Fish_201.jpg,Healthy Fish_Healthy Fish_201.jpg,.jpg,fish,unlabeled,Kaggle_Fish,True,JPEG,False,eb8b5fc510ee5f2108310d16af3e6d59,8852b1e8d0a87196,False,False,unlabeled
C:\Users\Asus\PycharmProjects\499_v1\datasets\fish\New Dataset\test_split\Healthy Fish_Healthy Fish_220.jpg,Healthy Fish_Healthy Fish_220.jpg,.jpg,fish,unlabeled,Kaggle_Fish,True,JPEG,False,c494e3d3a57dad145b2fb682787c76d4,64592c3c0c8ccc1c,False,False,unlabeled
C:\Users\Asus\PycharmProjects\499_v1\datasets\fish\New Dataset\test_split\Healthy Fish_Healthy Fish_228.jpg,Healthy Fish_Healthy Fish_228.jpg,.jpg,fish,unlabeled,Kaggle_Fish,True,JPEG,False,51de0f05d87cd53232852d55a754ec24,4b9b67e2d9d14659,False,False,unlabeled
C:\Users\Asus\PycharmProjects\499_v1\datasets\fish\New Dataset\test_split\Healthy Fish_Healthy Fish_244.jpg,Healthy Fish_Healthy Fish_244.jpg,.jpg,fish,unlabeled,Kaggle_Fish,True,JPEG,False,44fe79e1605e516d7c95c4d95527d817,4d8f8d9b934d8726,False,False,unlabeled
C:\Users\Asus\PycharmProjects\499_v1\datasets\fish\New Dataset\test_split\Healthy Fish_Healthy Fish_249.jpg,Healthy Fish_Healthy Fish_249.jpg,.jpg,fish,unlabeled,Kaggle_Fish,True,JPEG,False,a9bb1a2560507351217e32dcdb0a0d7f,8469c6c47934d4cb,False,False,unlabeled
C:\Users\Asus\PycharmProjects\499_v1\datasets\fish\New Dataset\test_split\Healthy Fish_Healthy Fish_256.jpg,Healthy Fish_Healthy Fish_256.jpg,.jpg,fish,unlabeled,Kaggle_Fish,True,JPEG,False,e1eb5277c7c5a827a9a4b54de2f32d8e,c1c1411065819040,False,False,unlabeled
C:\Users\Asus\PycharmProjects\499_v1\datasets\fish\New Dataset\test_split\Healthy Fish_Healthy Fish_278.jpg,Healthy Fish_Healthy Fish_278.jpg,.jpg,fish,unlabeled,Kaggle_Fish,True,JPEG,False,3e271e2fa5eaee51de924315cabfa202,b4b27a4cd9696456,False,False,unlabeled
C:\Users\Asus\PycharmProjects\499_v1\datasets\fish\New Dataset\test_split\Healthy Fish_Healthy Fish_294.jpg,Healthy Fish_Healthy Fish_294.jpg,.jpg,fish,unlabeled,Kaggle_Fish,True,JPEG,False,468bc50837fd18ccdfa360350bb5b36b,f3d2acc2eb252624,False,False,unlabeled
C:\Users\Asus\PycharmProjects\499_v1\datasets\fish\New Dataset\test_split\Healthy Fish_Healthy Fish_302.jpg,Healthy Fish_Healthy Fish_302.jpg,.jpg,fish,unlabeled,Kaggle_Fish,True,JPEG,False,ef0594ca2d7bc3cf5749daefa213f1d2,a58959420c30d2c2,False,True,unlabeled
C:\Users\Asus\PycharmProjects\499_v1\datasets\fish\New Dataset\test_split\Healthy Fish_Healthy Fish_303.jpg,Healthy Fish_Healthy Fish_303.jpg,.jpg,fish,unlabeled,Kaggle_Fish,True,JPEG,False,71afce203804faf03b242b647709a3a1,7496dbcf736d6f4e,False,False,unlabeled
C:\Users\Asus\PycharmProjects\499_v1\datasets\fish\New Dataset\test_split\Healthy Fish_Healthy Fish_307.jpg,Healthy Fish_Healthy Fish_307.jpg,.jpg,fish,unlabeled,Kaggle_Fish,True,JPEG,False,fd8b2f1d603aec454060625049eb13a4,039b0949c1f13e83,False,False,unlabeled
C:\Users\Asus\PycharmProjects\499_v1\datasets\fish\New Dataset\test_split\Healthy Fish_Healthy Fish_310.jpg,Healthy Fish_Healthy Fish_310.jpg,.jpg,fish,unlabeled,Kaggle_Fish,True,JPEG,False,763690aad0f672c3d3627f166e630be6,308230fcbe390228,False,False,unlabeled
C:\Users\Asus\PycharmProjects\499_v1\datasets\fish\New Dataset\test_split\Healthy Fish_Healthy Fish_317.jpg,Healthy Fish_Healthy Fish_317.jpg,.jpg,fish,unlabeled,Kaggle_Fish,True,JPEG,False,ae43c68b1f62478d2dcaf610fc4a4fb0,5347076327964774,False,False,unlabeled
C:\Users\Asus\PycharmProjects\499_v1\datasets\fish\New Dataset\test_split\Healthy Fish_Healthy Fish_334.jpg,Healthy Fish_Healthy Fish_334.jpg,.jpg,fish,unlabeled,Kaggle_Fish,True,JPEG,False,11159e71c4e95716fbfb538ff4b9edfd,1e0e274f0f5b1f37,False,False,unlabeled
C:\Users\Asus\PycharmProjects\499_v1\datasets\fish\New Dataset\test_split\Healthy Fish_Healthy Fish_340.jpg,Healthy Fish_Healthy Fish_340.jpg,.jpg,fish,unlabeled,Kaggle_Fish,True,JPEG,False,9dfc7d875f9ac1dc13906bd21731e5d4,31f3ca86c2c9e434,False,True,unlabeled
C:\Users\Asus\PycharmProjects\499_v1\datasets\fish\New Dataset\test_split\Healthy Fish_Healthy Fish_345.jpg,Healthy Fish_Healthy Fish_345.jpg,.jpg,fish,unlabeled,Kaggle_Fish,True,JPEG,False,fb51a9ed44911eae5e38ab321bdfc44a,c5c20e2e8e8782c8,False,False,unlabeled
C:\Users\Asus\PycharmProjects\499_v1\datasets\fish\New Dataset\test_split\Healthy Fish_Healthy Fish_349.jpg,Healthy Fish_Healthy Fish_349.jpg,.jpg,fish,unlabeled,Kaggle_Fish,True,JPEG,False,67127a57bf53e9fb9905df56043c658b,658873d2f0725164,False,False,unlabeled
C:\Users\Asus\PycharmProjects\499_v1\datasets\fish\New Dataset\test_split\Healthy Fish_Healthy Fish_350.jpg,Healthy Fish_Healthy Fish_350.jpg,.jpg,fish,unlabeled,Kaggle_Fish,True,JPEG,False,228a944d4260a11cd550309b8e085bf9,cbcd06139b094bd4,False,False,unlabeled
C:\Users\Asus\PycharmProjects\499_v1\datasets\fish\New Dataset\test_split\Healthy Fish_Healthy Fish_351.jpg,Healthy Fish_Healthy Fish_351.jpg,.jpg,fish,unlabeled,Kaggle_Fish,True,JPEG,False,e5996261a00bf4fb8b233aad5c04e63c,1f37190f2f1f1b83,False,False,unlabeled
C:\Users\Asus\PycharmProjects\499_v1\datasets\fish\New Dataset\test_split\Healthy Fish_Healthy Fish_354.jpg,Healthy Fish_Healthy Fish_354.jpg,.jpg,fish,unlabeled,Kaggle_Fish,True,JPEG,False,cc8247a75580cd527135a59fa95450bd,39333733f3c82636,False,False,unlabeled
C:\Users\Asus\PycharmProjects\499_v1\datasets\fish\New Dataset\test_split\Healthy Fish_Healthy Fish_365.jpg,Healthy Fish_Healthy Fish_365.jpg,.jpg,fish,unlabeled,Kaggle_Fish,True,JPEG,False,2360f96a3bdc5fe3bdda7fa85c025bfa,55c907371d1e177c,False,False,unlabeled
C:\Users\Asus\PycharmProjects\499_v1\datasets\fish\New Dataset\test_split\Healthy Fish_Healthy Fish_367.jpg,Healthy Fish_Healthy Fish_367.jpg,.jpg,fish,unlabeled,Kaggle_Fish,True,JPEG,False,ae2ab22b60ae612d3554947a61f12eab,431b3f7e3f97d4ec,False,False,unlabeled
C:\Users\Asus\PycharmProjects\499_v1\datasets\fish\New Dataset\test_split\Healthy Fish_Healthy Fish_370.jpg,Healthy Fish_Healthy Fish_370.jpg,.jpg,fish,unlabeled,Kaggle_Fish,True,JPEG,False,89e6a0f5cb7abec85b9bf2cc3b7eec9e,fac5871785232e0d,False,False,unlabeled
C:\Users\Asus\PycharmProjects\499_v1\datasets\fish\New Dataset\test_split\Healthy Fish_Healthy Fish_379.jpg,Healthy Fish_Healthy Fish_379.jpg,.jpg,fish,unlabeled,Kaggle_Fish,True,JPEG,False,8326f0cce848ba3f54c0c63394c37f2e,6193865ab6e9a72c,False,False,unlabeled
C:\Users\Asus\PycharmProjects\499_v1\datasets\fish\New Dataset\test_split\Healthy Fish_Healthy Fish_381.jpg,Healthy Fish_Healthy Fish_381.jpg,.jpg,fish,unlabeled,Kaggle_Fish,True,JPEG,False,e39d2252b53373b0a166e4da08059e9b,1b696e1f3f6ecc3d,False,False,unlabeled
C:\Users\Asus\PycharmProjects\499_v1\datasets\fish\New Dataset\test_split\Healthy Fish_Healthy Fish_385.jpg,Healthy Fish_Healthy Fish_385.jpg,.jpg,fish,unlabeled,Kaggle_Fish,True,JPEG,False,24fafa0e39a23ebebae603e6eab13852,130b0f07c5c30383,False,False,unlabeled
C:\Users\Asus\PycharmProjects\499_v1\datasets\fish\New Dataset\test_split\Healthy Fish_Healthy Fish_397.jpg,Healthy Fish_Healthy Fish_397.jpg,.jpg,fish,unlabeled,Kaggle_Fish,True,JPEG,False,c85f36e6346165f6b89278c8155e64c3,172f664e6c66ea4e,False,False,unlabeled
C:\Users\Asus\PycharmProjects\499_v1\datasets\fish\New Dataset\test_split\Healthy Fish_Healthy Fish_398.jpg,Healthy Fish_Healthy Fish_398.jpg,.jpg,fish,unlabeled,Kaggle_Fish,True,JPEG,False,ac504201648835e6be12e9177146d62e,6f3d67038783061d,False,False,unlabeled
C:\Users\Asus\PycharmProjects\499_v1\datasets\fish\New Dataset\test_split\Healthy Fish_Healthy Fish_400.jpg,Healthy Fish_Healthy Fish_400.jpg,.jpg,fish,unlabeled,Kaggle_Fish,True,JPEG,False,2c6244cff00e5d20f56b0142fd0b174a,4f1f1f372f0fc7ec,False,False,unlabeled
C:\Users\Asus\PycharmProjects\499_v1\datasets\fish\New Dataset\test_split\Healthy Fish_Healthy Fish_401.jpg,Healthy Fish_Healthy Fish_401.jpg,.jpg,fish,unlabeled,Kaggle_Fish,True,JPEG,False,ba5ebf40ccabf98093e7ab88acd7050d,6f698f0f0fce3929,False,False,unlabeled
C:\Users\Asus\PycharmProjects\499_v1\datasets\fish\New Dataset\test_split\Healthy Fish_Healthy Fish_405.jpg,Healthy Fish_Healthy Fish_405.jpg,.jpg,fish,unlabeled,Kaggle_Fish,True,JPEG,False,8cbc4cb687bab42d57c485709a16057b,66990e6f07966986,False,False,unlabeled
C:\Users\Asus\PycharmProjects\499_v1\datasets\fish\New Dataset\test_split\Healthy Fish_Healthy Fish_419.jpg,Healthy Fish_Healthy Fish_419.jpg,.jpg,fish,unlabeled,Kaggle_Fish,True,JPEG,False,32e25973e6fa187ce44b6169025827b3,6a9fd756464e4bb9,False,False,unlabeled
C:\Users\Asus\PycharmProjects\499_v1\datasets\fish\New Dataset\test_split\Healthy Fish_Healthy Fish_421.jpg,Healthy Fish_Healthy Fish_421.jpg,.jpg,fish,unlabeled,Kaggle_Fish,True,JPEG,False,fb9ea1de584be602091a541701e8d139,3f3b310f23a51726,False,False,unlabeled
C:\Users\Asus\PycharmProjects\499_v1\datasets\fish\New Dataset\test_split\Healthy Fish_Healthy Fish_431.jpg,Healthy Fish_Healthy Fish_431.jpg,.jpg,fish,unlabeled,Kaggle_Fish,True,JPEG,False,bf81e1336ca31d87ef78765a755b0f23,b0970f3f7f3e3e1f,False,True,unlabeled
C:\Users\Asus\PycharmProjects\499_v1\datasets\fish\New Dataset\test_split\Healthy Fish_Healthy Fish_44.jpg,Healthy Fish_Healthy Fish_44.jpg,.jpg,fish,unlabeled,Kaggle_Fish,True,JPEG,False,c680846dcdaaa95b2fdef87b6e3dca9f,3727676767672767,False,False,unlabeled
C:\Users\Asus\PycharmProjects\499_v1\datasets\fish\New Dataset\test_split\Healthy Fish_Healthy Fish_440.jpg,Healthy Fish_Healthy Fish_440.jpg,.jpg,fish,unlabeled,Kaggle_Fish,True,JPEG,False,5facb7e30501f46370236bbd6fe98b73,0a0cd6c763e6efcc,False,False,unlabeled
C:\Users\Asus\PycharmProjects\499_v1\datasets\fish\New Dataset\test_split\Healthy Fish_Healthy Fish_443.jpg,Healthy Fish_Healthy Fish_443.jpg,.jpg,fish,unlabeled,Kaggle_Fish,True,JPEG,False,26b956d6655b5ab99884c1b92b298aea,767c591f3fc71d1d,False,False,unlabeled
C:\Users\Asus\PycharmProjects\499_v1\datasets\fish\New Dataset\test_split\Healthy Fish_Healthy Fish_456.jpg,Healthy Fish_Healthy Fish_456.jpg,.jpg,fish,unlabeled,Kaggle_Fish,True,JPEG,False,2d31a6937292a7589fb7ce7557732bfb,20c2928a82c28240,False,False,unlabeled
C:\Users\Asus\PycharmProjects\499_v1\datasets\fish\New Dataset\test_split\Healthy Fish_Healthy Fish_466.jpg,Healthy Fish_Healthy Fish_466.jpg,.jpg,fish,unlabeled,Kaggle_Fish,True,JPEG,False,7c6b9543f4792ef3824e3ba3c570fdb6,3d9fb35d7e3ebf3c,False,False,unlabeled
C:\Users\Asus\PycharmProjects\499_v1\datasets\fish\New Dataset\test_split\Healthy Fish_Healthy Fish_474.jpg,Healthy Fish_Healthy Fish_474.jpg,.jpg,fish,unlabeled,Kaggle_Fish,True,JPEG,False,9c66367a69ebfacc4efbae21e6d11cf6,93b893070e11c33e,False,False,unlabeled
C:\Users\Asus\PycharmProjects\499_v1\datasets\fish\New Dataset\test_split\Healthy Fish_Healthy Fish_477.jpg,Healthy Fish_Healthy Fish_477.jpg,.jpg,fish,unlabeled,Kaggle_Fish,True,JPEG,False,4dc897d1dfe1863a669ff62e83baaab9,191db3190e92d10c,False,False,unlabeled
C:\Users\Asus\PycharmProjects\499_v1\datasets\fish\New Dataset\test_split\Healthy Fish_Healthy Fish_478.jpg,Healthy Fish_Healthy Fish_478.jpg,.jpg,fish,unlabeled,Kaggle_Fish,True,JPEG,False,202a1c9b9f0580b43d65f4fbc5ecbe84,1926279e8c2c1a0b,False,False,unlabeled
C:\Users\Asus\PycharmProjects\499_v1\datasets\fish\New Dataset\test_split\Healthy Fish_Healthy Fish_48.jpg,Healthy Fish_Healthy Fish_48.jpg,.jpg,fish,unlabeled,Kaggle_Fish,True,JPEG,False,d442dd9d747e66e19ece718de092c196,3337272707074f6f,False,False,unlabeled
C:\Users\Asus\PycharmProjects\499_v1\datasets\fish\New Dataset\test_split\Healthy Fish_Healthy Fish_482.jpg,Healthy Fish_Healthy Fish_482.jpg,.jpg,fish,unlabeled,Kaggle_Fish,True,JPEG,False,2d46136625fcd67449b71405b6c1a766,d9d9c18f878eccf0,False,False,unlabeled
C:\Users\Asus\PycharmProjects\499_v1\datasets\fish\New Dataset\test_split\Healthy Fish_Healthy Fish_55.jpg,Healthy Fish_Healthy Fish_55.jpg,.jpg,fish,unlabeled,Kaggle_Fish,True,JPEG,False,86f4e400e94fef5e98434924e8ec2feb,310b1b9d9f8d9bd3,False,False,unlabeled
C:\Users\Asus\PycharmProjects\499_v1\datasets\fish\New Dataset\test_split\Parasitic diseases_Parasitic diseases_103.jpg,Parasitic diseases_Parasitic diseases_103.jpg,.jpg,fish,unlabeled,Kaggle_Fish,True,JPEG,False,ee21efa9537f0f11b80b8d688c1fe6b9,f14e0d3f8f7ee3c9,False,False,unlabeled
C:\Users\Asus\PycharmProjects\499_v1\datasets\fish\New Dataset\test_split\Parasitic diseases_Parasitic diseases_104.jpg,Parasitic diseases_Parasitic diseases_104.jpg,.jpg,fish,unlabeled,Kaggle_Fish,True,JPEG,False,d29bcc95818c9a777ff33ed8af10ab9f,134bc78763c30321,False,False,unlabeled
C:\Users\Asus\PycharmProjects\499_v1\datasets\fish\New Dataset\test_split\Parasitic diseases_Parasitic diseases_107.jpg,Parasitic diseases_Parasitic diseases_107.jpg,.jpg,fish,unlabeled,Kaggle_Fish,True,JPEG,False,f64a4eb392d165d9bbc6431c48ebb08d,b83c35bffbb68802,False,False,unlabeled
C:\Users\Asus\PycharmProjects\499_v1\datasets\fish\New Dataset\test_split\Parasitic diseases_Parasitic diseases_11.jpg,Parasitic diseases_Parasitic diseases_11.jpg,.jpg,fish,unlabeled,Kaggle_Fish,True,JPEG,False,fd99d72cace1e1df5b0dbcf1a8a18bc7,060787c666fe9d1f,False,True,unlabeled
C:\Users\Asus\PycharmProjects\499_v1\datasets\fish\New Dataset\test_split\Parasitic diseases_Parasitic diseases_12.jpg,Parasitic diseases_Parasitic diseases_12.jpg,.jpg,fish,unlabeled,Kaggle_Fish,True,JPEG,False,790eea472d55e66f435c62f8f3fb8bc2,cf763d1d1f8fcecc,False,False,unlabeled
C:\Users\Asus\PycharmProjects\499_v1\datasets\fish\New Dataset\test_split\Parasitic diseases_Parasitic diseases_137.jpg,Parasitic diseases_Parasitic diseases_137.jpg,.jpg,fish,unlabeled,Kaggle_Fish,True,JPEG,False,539475f6a1f173a2a54cab50eb2feea2,9e89181e1b1f1ddb,False,True,unlabeled
C:\Users\Asus\PycharmProjects\499_v1\datasets\fish\New Dataset\test_split\Parasitic diseases_Parasitic diseases_139.jpg,Parasitic diseases_Parasitic diseases_139.jpg,.jpg,fish,unlabeled,Kaggle_Fish,True,JPEG,False,93f2275ca962e303d3f325a740e61c5e,a365c5070f8f0c69,False,False,unlabeled
C:\Users\Asus\PycharmProjects\499_v1\datasets\fish\New Dataset\test_split\Parasitic diseases_Parasitic diseases_145.jpg,Parasitic diseases_Parasitic diseases_145.jpg,.jpg,fish,unlabeled,Kaggle_Fish,True,JPEG,False,19881bf419ee39708b1563ef8ad53d19,870f33240471790c,False,False,unlabeled
C:\Users\Asus\PycharmProjects\499_v1\datasets\fish\New Dataset\test_split\Parasitic diseases_Parasitic diseases_149.jpg,Parasitic diseases_Parasitic diseases_149.jpg,.jpg,fish,unlabeled,Kaggle_Fish,True,JPEG,False,a7165b0508754f914122817bf9cada60,26693a93d252cd4c,False,False,unlabeled
C:\Users\Asus\PycharmProjects\499_v1\datasets\fish\New Dataset\test_split\Parasitic diseases_Parasitic diseases_152.jpg,Parasitic diseases_Parasitic diseases_152.jpg,.jpg,fish,unlabeled,Kaggle_Fish,True,JPEG,False,f8974660de0ade7e191e93b3a6de15cc,000864e060727079,False,False,unlabeled
C:\Users\Asus\PycharmProjects\499_v1\datasets\fish\New Dataset\test_split\Parasitic diseases_Parasitic diseases_159.jpg,Parasitic diseases_Parasitic diseases_159.jpg,.jpg,fish,unlabeled,Kaggle_Fish,True,JPEG,False,4edc82885524cdc66ccf04e62d5d1874,0f1f0f3fececfdbf,False,False,unlabeled
C:\Users\Asus\PycharmProjects\499_v1\datasets\fish\New Dataset\test_split\Parasitic diseases_Parasitic diseases_16.jpg,Parasitic diseases_Parasitic diseases_16.jpg,.jpg,fish,unlabeled,Kaggle_Fish,True,JPEG,False,1647d7f9f42dced248f5e0f9be93c98b,009f3d2c0c424405,False,False,unlabeled
C:\Users\Asus\PycharmProjects\499_v1\datasets\fish\New Dataset\test_split\Parasitic diseases_Parasitic diseases_160.jpg,Parasitic diseases_Parasitic diseases_160.jpg,.jpg,fish,unlabeled,Kaggle_Fish,True,JPEG,False,50751b1aaa6eca018e0570236c051a11,4f471fbbbdbf3732,False,False,unlabeled
C:\Users\Asus\PycharmProjects\499_v1\datasets\fish\New Dataset\test_split\Parasitic diseases_Parasitic diseases_166.jpg,Parasitic diseases_Parasitic diseases_166.jpg,.jpg,fish,unlabeled,Kaggle_Fish,True,JPEG,False,3565e6863470d49dcfc5ae41d7a74609,c1e428c9e0b5d949,False,False,unlabeled
C:\Users\Asus\PycharmProjects\499_v1\datasets\fish\New Dataset\test_split\Parasitic diseases_Parasitic diseases_169.jpg,Parasitic diseases_Parasitic diseases_169.jpg,.jpg,fish,unlabeled,Kaggle_Fish,True,JPEG,False,740908728b8ea25707aea7c61d2a6b01,176707070313f6b7,False,False,unlabeled
C:\Users\Asus\PycharmProjects\499_v1\datasets\fish\New Dataset\test_split\Parasitic diseases_Parasitic diseases_17.jpg,Parasitic diseases_Parasitic diseases_17.jpg,.jpg,fish,unlabeled,Kaggle_Fish,True,JPEG,False,5eb5105b636fcafe47fdda4b4bc51bbd,e6e7c3834b0b0305,False,False,unlabeled
C:\Users\Asus\PycharmProjects\499_v1\datasets\fish\New Dataset\test_split\Parasitic diseases_Parasitic diseases_177.jpg,Parasitic diseases_Parasitic diseases_177.jpg,.jpg,fish,unlabeled,Kaggle_Fish,True,JPEG,False,9c6f695123daad82f4a63efcc2b430cb,e10014098989f07e,False,False,unlabeled
C:\Users\Asus\PycharmProjects\499_v1\datasets\fish\New Dataset\test_split\Parasitic diseases_Parasitic diseases_194.jpg,Parasitic diseases_Parasitic diseases_194.jpg,.jpg,fish,unlabeled,Kaggle_Fish,True,JPEG,False,a4120e673506ead9907890331c5e7459,64d2c4d14302e763,False,False,unlabeled
C:\Users\Asus\PycharmProjects\499_v1\datasets\fish\New Dataset\test_split\Parasitic diseases_Parasitic diseases_201.jpg,Parasitic diseases_Parasitic diseases_201.jpg,.jpg,fish,unlabeled,Kaggle_Fish,True,JPEG,False,f71cce3f289b7b140ca773ec5ee3883a,c183068180035012,False,False,unlabeled
C:\Users\Asus\PycharmProjects\499_v1\datasets\fish\New Dataset\test_split\Parasitic diseases_Parasitic diseases_202.jpg,Parasitic diseases_Parasitic diseases_202.jpg,.jpg,fish,unlabeled,Kaggle_Fish,True,JPEG,False,f22d7aa534592cc64334c18b6f9ff1f5,ceef7fff7e1a8e66,False,False,unlabeled
C:\Users\Asus\PycharmProjects\499_v1\datasets\fish\New Dataset\test_split\Parasitic diseases_Parasitic diseases_217.jpg,Parasitic diseases_Parasitic diseases_217.jpg,.jpg,fish,unlabeled,Kaggle_Fish,True,JPEG,False,ba1edcb99b67498da096c57cc6076189,02001df561c101e7,False,False,unlabeled
C:\Users\Asus\PycharmProjects\499_v1\datasets\fish\New Dataset\test_split\Parasitic diseases_Parasitic diseases_221.jpg,Parasitic diseases_Parasitic diseases_221.jpg,.jpg,fish,unlabeled,Kaggle_Fish,True,JPEG,False,1a6413973c5cd6285efc9be499707eff,608f1e5cdcfcc30e,False,True,unlabeled
C:\Users\Asus\PycharmProjects\499_v1\datasets\fish\New Dataset\test_split\Parasitic diseases_Parasitic diseases_241.jpg,Parasitic diseases_Parasitic diseases_241.jpg,.jpg,fish,unlabeled,Kaggle_Fish,True,JPEG,False,3c39a0f7196f232c81edb82063b9ba8e,06843d4d2d000000,False,False,unlabeled
C:\Users\Asus\PycharmProjects\499_v1\datasets\fish\New Dataset\test_split\Parasitic diseases_Parasitic diseases_31.jpeg,Parasitic diseases_Parasitic diseases_31.jpeg,.jpeg,fish,unlabeled,Kaggle_Fish,True,JPEG,False,3382ffcda39cb31ae0c2e1911d39c1f7,f079de9f27577e78,False,False,unlabeled
C:\Users\Asus\PycharmProjects\499_v1\datasets\fish\New Dataset\test_split\Parasitic diseases_Parasitic diseases_34.jpg,Parasitic diseases_Parasitic diseases_34.jpg,.jpg,fish,unlabeled,Kaggle_Fish,True,JPEG,False,4c639c3f8d37ff4f400f352c1910a639,acaca991d4743436,False,True,unlabeled
C:\Users\Asus\PycharmProjects\499_v1\datasets\fish\New Dataset\test_split\Parasitic diseases_Parasitic diseases_38.jpg,Parasitic diseases_Parasitic diseases_38.jpg,.jpg,fish,unlabeled,Kaggle_Fish,True,JPEG,False,662c8420969ad9b05b24c7e22380d191,7f0c3164cec66033,False,True,unlabeled
C:\Users\Asus\PycharmProjects\499_v1\datasets\fish\New Dataset\test_split\Parasitic diseases_Parasitic diseases_40.jpg,Parasitic diseases_Parasitic diseases_40.jpg,.jpg,fish,unlabeled,Kaggle_Fish,True,JPEG,False,894b9f9f0151eba80c85f7466f05b230,090c3e63735f0c7b,False,False,unlabeled
C:\Users\Asus\PycharmProjects\499_v1\datasets\fish\New Dataset\test_split\Parasitic diseases_Parasitic diseases_41.jpg,Parasitic diseases_Parasitic diseases_41.jpg,.jpg,fish,unlabeled,Kaggle_Fish,True,JPEG,False,8ba0c86e3fd852b930f91a731f35f806,3ffec28331378005,False,False,unlabeled
C:\Users\Asus\PycharmProjects\499_v1\datasets\fish\New Dataset\test_split\Parasitic diseases_Parasitic diseases_47.jpg,Parasitic diseases_Parasitic diseases_47.jpg,.jpg,fish,unlabeled,Kaggle_Fish,True,JPEG,False,2aec3dbcd4a56124401ba3bdf4640618,1785e7727c7c7eec,False,False,unlabeled
C:\Users\Asus\PycharmProjects\499_v1\datasets\fish\New Dataset\test_split\Parasitic diseases_Parasitic diseases_48.jpg,Parasitic diseases_Parasitic diseases_48.jpg,.jpg,fish,unlabeled,Kaggle_Fish,True,JPEG,False,298d4cf78050870d1a28d865ab9a03f7,c6e3585e9f1e80d0,False,True,unlabeled
C:\Users\Asus\PycharmProjects\499_v1\datasets\fish\New Dataset\test_split\Parasitic diseases_Parasitic diseases_52.jpg,Parasitic diseases_Parasitic diseases_52.jpg,.jpg,fish,unlabeled,Kaggle_Fish,True,JPEG,False,640ba316f8055c249f4826f1849fa0b3,7e6f62eaee7b8982,False,False,unlabeled
C:\Users\Asus\PycharmProjects\499_v1\datasets\fish\New Dataset\test_split\Parasitic diseases_Parasitic diseases_60.jpg,Parasitic diseases_Parasitic diseases_60.jpg,.jpg,fish,unlabeled,Kaggle_Fish,True,JPEG,False,22a58dff86eb830e989478567251cb78,097784e178c8c1cf,False,False,unlabeled
C:\Users\Asus\PycharmProjects\499_v1\datasets\fish\New Dataset\test_split\Parasitic diseases_Parasitic diseases_63.jpg,Parasitic diseases_Parasitic diseases_63.jpg,.jpg,fish,unlabeled,Kaggle_Fish,True,JPEG,False,c4f86c1fbe3fb9d4280af67940860509,9b266063860d7aed,False,False,unlabeled
C:\Users\Asus\PycharmProjects\499_v1\datasets\fish\New Dataset\test_split\Parasitic diseases_Parasitic diseases_66.jpeg,Parasitic diseases_Parasitic diseases_66.jpeg,.jpeg,fish,unlabeled,Kaggle_Fish,True,JPEG,False,bea1cb147c3f0de91c16b7f262d891a6,b62ebe332723c696,False,True,unlabeled
C:\Users\Asus\PycharmProjects\499_v1\datasets\fish\New Dataset\test_split\Parasitic diseases_Parasitic diseases_73.jpg,Parasitic diseases_Parasitic diseases_73.jpg,.jpg,fish,unlabeled,Kaggle_Fish,True,JPEG,False,96d4d2eb7c600d344f46db261cf7fdef,6124b3910cc9800c,False,False,unlabeled
C:\Users\Asus\PycharmProjects\499_v1\datasets\fish\New Dataset\test_split\Parasitic diseases_Parasitic diseases_8.jpg,Parasitic diseases_Parasitic diseases_8.jpg,.jpg,fish,unlabeled,Kaggle_Fish,True,JPEG,False,3f2848c71778f6fd82ac3d8f33454329,9e963c6da73d9cce,False,False,unlabeled
C:\Users\Asus\PycharmProjects\499_v1\datasets\fish\New Dataset\test_split\Parasitic diseases_Parasitic diseases_96.jpg,Parasitic diseases_Parasitic diseases_96.jpg,.jpg,fish,unlabeled,Kaggle_Fish,True,JPEG,False,6a43b4f701a5a82fdb953fd33dab220f,0b1a1e2341541ee3,False,False,unlabeled
C:\Users\Asus\PycharmProjects\499_v1\datasets\fish\New Dataset\test_split\Viral diseases White tail disease_Viral diseases White tail disease_129.jpg,Viral diseases White tail disease_Viral diseases White tail disease_129.jpg,.jpg,fish,unlabeled,Kaggle_Fish,True,JPEG,False,ced5c89c8b8ab2cc0ea7610152d82218,c2321d7ded7d1a96,False,False,unlabeled
C:\Users\Asus\PycharmProjects\499_v1\datasets\fish\New Dataset\test_split\Viral diseases White tail disease_Viral diseases White tail disease_154.jpg,Viral diseases White tail disease_Viral diseases White tail disease_154.jpg,.jpg,fish,unlabeled,Kaggle_Fish,True,JPEG,False,aaa9fd33cf473cc3296865bb8f69757a,e49029b6b1f0f0e0,False,False,unlabeled
C:\Users\Asus\PycharmProjects\499_v1\datasets\fish\New Dataset\test_split\Viral diseases White tail disease_Viral diseases White tail disease_171.jpg,Viral diseases White tail disease_Viral diseases White tail disease_171.jpg,.jpg,fish,unlabeled,Kaggle_Fish,True,JPEG,False,ba759ad5361cf2bd66fb799db9356c94,c0fce0a00e07f93c,False,False,unlabeled
C:\Users\Asus\PycharmProjects\499_v1\datasets\fish\New Dataset\test_split\Viral diseases White tail disease_Viral diseases White tail disease_198.jpg,Viral diseases White tail disease_Viral diseases White tail disease_198.jpg,.jpg,fish,unlabeled,Kaggle_Fish,True,JPEG,False,050bbaf389705f515d90634913a52452,c090c1873c07ff3d,False,False,unlabeled
C:\Users\Asus\PycharmProjects\499_v1\datasets\fish\New Dataset\test_split\Viral diseases White tail disease_Viral diseases White tail disease_201.jpg,Viral diseases White tail disease_Viral diseases White tail disease_201.jpg,.jpg,fish,unlabeled,Kaggle_Fish,True,JPEG,False,fefb4caebadd558d41fa816209094fd2,6ded4e060e9fb78f,False,True,unlabeled
C:\Users\Asus\PycharmProjects\499_v1\datasets\fish\New Dataset\test_split\Viral diseases White tail disease_Viral diseases White tail disease_212.jpg,Viral diseases White tail disease_Viral diseases White tail disease_212.jpg,.jpg,fish,unlabeled,Kaggle_Fish,True,JPEG,False,6e4dc2c06c88bf8a8fbb04bc24448bdf,60320c8181c1f0f9,False,False,unlabeled
C:\Users\Asus\PycharmProjects\499_v1\datasets\fish\New Dataset\test_split\Viral diseases White tail disease_Viral diseases White tail disease_220.jpg,Viral diseases White tail disease_Viral diseases White tail disease_220.jpg,.jpg,fish,unlabeled,Kaggle_Fish,True,JPEG,False,1d0f470f19c92bd613c87e2b017734d5,80e73eb41c4c1581,False,False,unlabeled
C:\Users\Asus\PycharmProjects\499_v1\datasets\fish\New Dataset\test_split\Viral diseases White tail disease_Viral diseases White tail disease_221.jpg,Viral diseases White tail disease_Viral diseases White tail disease_221.jpg,.jpg,fish,unlabeled,Kaggle_Fish,True,JPEG,False,f4bf628da22783f88edf9c2afb18b045,31ddfb78f8b33d24,False,True,unlabeled
C:\Users\Asus\PycharmProjects\499_v1\datasets\fish\New Dataset\test_split\Viral diseases White tail disease_Viral diseases White tail disease_223.jpg,Viral diseases White tail disease_Viral diseases White tail disease_223.jpg,.jpg,fish,unlabeled,Kaggle_Fish,True,JPEG,False,bf268ee6f687a2e92161dc92cd7d7372,033bc90f232b8ee4,False,True,unlabeled
C:\Users\Asus\PycharmProjects\499_v1\datasets\fish\New Dataset\test_split\Viral diseases White tail disease_Viral diseases White tail disease_240.jpg,Viral diseases White tail disease_Viral diseases White tail disease_240.jpg,.jpg,fish,unlabeled,Kaggle_Fish,True,JPEG,False,0dfbdd037e1dd7e95e1419e4d59eae01,3872c3c5ce848346,False,True,unlabeled
C:\Users\Asus\PycharmProjects\499_v1\datasets\fish\New Dataset\test_split\Viral diseases White tail disease_Viral diseases White tail disease_243.jpg,Viral diseases White tail disease_Viral diseases White tail disease_243.jpg,.jpg,fish,unlabeled,Kaggle_Fish,True,JPEG,False,eec756d2029e4e41d04e7e3e299e48a9,0680c91e0ec8d824,False,False,unlabeled
C:\Users\Asus\PycharmProjects\499_v1\datasets\fish\New Dataset\test_split\Viral diseases White tail disease_Viral diseases White tail disease_25.jpg,Viral diseases White tail disease_Viral diseases White tail disease_25.jpg,.jpg,fish,unlabeled,Kaggle_Fish,True,JPEG,False,07409c08b126a9353fc5719028bf2b46,301133b6a233c9a4,False,False,unlabeled
C:\Users\Asus\PycharmProjects\499_v1\datasets\fish\New Dataset\test_split\Viral diseases White tail disease_Viral diseases White tail disease_27.jpg,Viral diseases White tail disease_Viral diseases White tail disease_27.jpg,.jpg,fish,unlabeled,Kaggle_Fish,True,JPEG,False,6301589a2d22825d32994395f2de5f8c,331bc3633070e090,False,False,unlabeled
C:\Users\Asus\PycharmProjects\499_v1\datasets\fish\New Dataset\test_split\Viral diseases White tail disease_Viral diseases White tail disease_40.jpg,Viral diseases White tail disease_Viral diseases White tail disease_40.jpg,.jpg,fish,unlabeled,Kaggle_Fish,True,JPEG,False,0a9dbebe3ae13ddf5a236d3f1bca7d63,781f036f0f07471e,False,False,unlabeled
C:\Users\Asus\PycharmProjects\499_v1\datasets\fish\New Dataset\test_split\Viral diseases White tail disease_Viral diseases White tail disease_44.jpg,Viral diseases White tail disease_Viral diseases White tail disease_44.jpg,.jpg,fish,unlabeled,Kaggle_Fish,True,JPEG,False,c76ac6fcaa3a491c3408a1ef57acea8f,00002080b5e1e0e0,False,False,unlabeled
C:\Users\Asus\PycharmProjects\499_v1\datasets\fish\New Dataset\test_split\Viral diseases White tail disease_Viral diseases White tail disease_66.jpg,Viral diseases White tail disease_Viral diseases White tail disease_66.jpg,.jpg,fish,unlabeled,Kaggle_Fish,True,JPEG,False,30819f0daf0e4447cb81e1de5391c125,2335340f0f1b1606,False,True,unlabeled
C:\Users\Asus\PycharmProjects\499_v1\datasets\fish\New Dataset\test_split\Viral diseases White tail disease_Viral diseases White tail disease_7.jpg,Viral diseases White tail disease_Viral diseases White tail disease_7.jpg,.jpg,fish,unlabeled,Kaggle_Fish,True,JPEG,False,6c07ec663eb04c23c52780cad448dee4,d2c2997b7b6be1d8,False,True,unlabeled
C:\Users\Asus\PycharmProjects\499_v1\datasets\fish\New Dataset\test_split\Viral diseases White tail disease_Viral diseases White tail disease_73.jpg,Viral diseases White tail disease_Viral diseases White tail disease_73.jpg,.jpg,fish,unlabeled,Kaggle_Fish,True,JPEG,False,af452c52162fff555086a51859e5c6f2,b171653154241004,False,True,unlabeled
C:\Users\Asus\PycharmProjects\499_v1\datasets\fish\New Dataset\test_split\Viral diseases White tail disease_Viral diseases White tail disease_77.jpg,Viral diseases White tail disease_Viral diseases White tail disease_77.jpg,.jpg,fish,unlabeled,Kaggle_Fish,True,JPEG,False,f80bdda1bbb710076d91f59d75b39f9e,030f2f0b13d7dfdf,False,False,unlabeled
C:\Users\Asus\PycharmProjects\499_v1\datasets\fish\New Dataset\test_split\Viral diseases White tail disease_Viral diseases White tail disease_90.jpg,Viral diseases White tail disease_Viral diseases White tail disease_90.jpg,.jpg,fish,unlabeled,Kaggle_Fish,True,JPEG,False,b497a7a20fcd6936564cebafdfed26a6,9fce6b33c6c13882,False,False,unlabeled
C:\Users\Asus\PycharmProjects\499_v1\datasets\fish\New Dataset\test_split\Viral diseases White tail disease_Viral diseases White tail disease_96.jpg,Viral diseases White tail disease_Viral diseases White tail disease_96.jpg,.jpg,fish,unlabeled,Kaggle_Fish,True,JPEG,False,5e8aa30fbc8964fd3bf80df497b51ffc,c2dcd0b280cb9e98,False,True,unlabeled
C:\Users\Asus\PycharmProjects\499_v1\datasets\fish\New Dataset\test_split\Viral diseases White tail disease_Viral diseases White tail disease_97.jpg,Viral diseases White tail disease_Viral diseases White tail disease_97.jpg,.jpg,fish,unlabeled,Kaggle_Fish,True,JPEG,False,a71997672cd3c7677d7aa372b6337d4f,70f2fc9c8426f6fe,False,True,unlabeled
